job_name,molecule,smiles
unimol_3_carene,(+)-3-Carene,CC1=CCC2C(C1)C2(C)C
unimol_alpha_phellandrene,(+)-alpha-phellandrene,CC1=CCC(C=C1)C(C)C
unimol_alpha_terpineol,(+)-alpha-Terpineol,CC1=CCC(CC1)C(C)(C)O
unimol_camphene,(+)-Camphene,CC1(C2CCC(C2)C1=C)C
unimol_delta_cadinene,(+)-delta-Cadinene,CC1=CC2C(CCC(=C2CC1)C)C(C)C
unimol_dihydrocarveol,(+)-Dihydrocarveol,CC1CCC(CC1O)C(=C)C
unimol_gamma_cadinene,(+)-gamma-cadinene,CC1=CC2C(CC1)C(=C)CCC2C(C)C
unimol_gamma_gurjunene,(+)-gamma-Gurjunene,CC1CCC(C=C2C1CCC2C)C(=C)C
unimol_isodihydrocarvone,(+)-isodihydrocarvone,CC1CCC(CC1=O)C(=C)C
unimol_isomenthone,(+)-Isomenthone,CC1CCC(C(=O)C1)C(C)C
unimol_linalool,(+)-Linalool,CC(=CCCC(C)(C=C)O)C
unimol_neomenthol,(+)-Neomenthol,CC1CCC(C(C1)O)C(C)C
unimol_pulegone,(+)-Pulegone,CC1CCC(=C(C)C)C(=O)C1
unimol_trans_limonene_oxide,(+)-trans-Limonene oxide,CC(=C)C1CCC2(C(C1)O2)C
unimol_alpha_copaene,(-)-alpha-Copaene,CC1=CCC2C3C1C2(CCC3C(C)C)C
unimol_alpha_himachalene,(-)-alpha-Himachalene,CC1=CC2C(CC1)C(=C)CCCC2(C)C
unimol_alpha_pinene,(-)-alpha-Pinene,CC1=CCC2CC1C2(C)C
unimol_alpha_terpineol_2,(-)-alpha-Terpineol,CC1=CCC(CC1)C(C)(C)O
unimol_beta_pinene,(-)-beta-Pinene,CC1(C2CCC(=C)C1C2)C
unimol_borneol,(-)-Borneol,CC1(C2CCC1(C(C2)O)C)C
unimol_carvone,(-)-Carvone,CC1=CCC(CC1=O)C(=C)C
unimol_cis_carveol,(-)-cis-Carveol,CC1=CCC(CC1O)C(=C)C
unimol_epicatechin,(-)-Epicatechin,C1C(C(OC2=CC(=CC(=C21)O)O)C3=CC(=C(C=C3)O)O)O
unimol_epicatechin_gallate,(-)-Epicatechin gallate,C1C(C(OC2=CC(=CC(=C21)O)O)C3=CC(=C(C=C3)O)O)OC(=O)C4=CC(=C(C(=C4)O)O)O
unimol_epigallocatechin,(-)-Epigallocatechin,C1C(C(OC2=CC(=CC(=C21)O)O)C3=CC(=C(C(=C3)O)O)O)O
unimol_epigallocatechin_gallate,(-)-Epigallocatechin gallate,C1C(C(OC2=CC(=CC(=C21)O)O)C3=CC(=C(C(=C3)O)O)O)OC(=O)C4=CC(=C(C(=C4)O)O)O
unimol_gamma_cadinene_2,(-)-gamma-cadinene,CC1=CC2C(CC1)C(=C)CCC2C(C)C
unimol_germacrene_a,(-)-Germacrene A,CC1=CCCC(=CCC(CC1)C(=C)C)C
unimol_germacrene_d,(-)-Germacrene D,CC1=CCCC(=C)C=CC(CC1)C(C)C
unimol_isopinocamphone,(-)-Isopinocamphone,CC1C2CC(C2(C)C)CC1=O
unimol_limonene,(-)-Limonene,CC1=CCC(CC1)C(=C)C
unimol_linalool_2,(-)-Linalool,CC(=CCCC(C)(C=C)O)C
unimol_mintlactone,(-)-Mintlactone,CC1CCC2=C(C(=O)OC2C1)C
unimol_piperitone,(-)-piperitone,CC1=CC(=O)C(CC1)C(C)C
unimol_zingiberene,(-)-Zingiberene,CC1=CCC(C=C1)C(C)CCC=C(C)C
unimol_1_bromovinyl_benzene,(1-Bromovinyl)benzene,C=C(C1=CC=CC=C1)Br
unimol_10e_12z_octadeca_10_12_dienoic_acid,"(10E,12Z)-octadeca-10,12-dienoic acid",CCCCCC=CC=CCCCCCCCCC(=O)O
unimol_1ar_4s_4as_7r_7as_1_1_4_7_tetramethyl_2_3_4a_5_6_7_7a_7b_octahydro_1ah_cyclopropa_e_azulen_4_ol,"(1aR,4S,4aS,7R,7aS)-1,1,4,7-tetramethyl-2,3,4a,5,6,7,7a,7b-octahydro-1aH-cyclopropa[e]azulen-4-ol",CC1CCC2C1C3C(C3(C)C)CCC2(C)O
unimol_1r_4r_4_isopropyl_1_methylcyclohex_2_en_1_ol,"(1r,4r)-4-isopropyl-1-methylcyclohex-2-en-1-ol",CC(C)C1CCC(C=C1)(C)O
unimol_1r_6s_gamma_himachalene,"(1R,6S)-gamma-himachalene",CC1=CC2C(CC1)C(=CCCC2(C)C)C
unimol_1z_4z_germacrene_b,"(1Z,4Z)-germacrene B",CC1=CCCC(=CCC(=C(C)C)CC1)C
unimol_2_2_dimethoxyethyl_benzene,"(2,2-Dimethoxyethyl)benzene",COC(CC1=CC=CC=C1)OC
unimol_2_methoxyethyl_benzene,(2-Methoxyethyl)benzene,COCCC1=CC=CC=C1
unimol_2e_4e_deca_2_4_dienal,"(2E,4E)-deca-2,4-dienal",CCCCCC=CC=CC=O
unimol_2e_4e_dodeca_2_4_dienal,"(2E,4E)-Dodeca-2,4-dienal",CCCCCCCC=CC=CC=O
unimol_2e_4e_octa_2_4_dienal,"(2E,4E)-Octa-2,4-dienal",CCCC=CC=CC=O
unimol_2e_4e_undeca_2_4_dienal,"(2E,4E)-Undeca-2,4-dienal",CCCCCCC=CC=CC=O
unimol_2r_2_isothiocyanatobutane,(2R)-2-isothiocyanatobutane,CCC(C)N=C=S
unimol_2z_4e_nona_2_4_dienal,"(2Z,4E)-nona-2,4-dienal",CCCCC=CC=CC=O
unimol_4r_4ar_1_1_4_7_tetramethyl_1a_2_3_4_4a_5_6_7b_octahydrocyclopropa_e_azulene,"(4R,4aR)-1,1,4,7-tetramethyl-1a,2,3,4,4a,5,6,7b-octahydrocyclopropa[e]azulene",CC1CCC2C(C2(C)C)C3=C(CCC13)C
unimol_5e_3_5_dimethylocta_1_5_7_trien_3_ol,"(5E)-3,5-dimethylocta-1,5,7-trien-3-ol",CC(=CC=C)CC(C)(C=C)O
unimol_5xi_7xi_10xi_eudesma_4_14_11_diene,"(5xi,7xi,10xi)-eudesma-4(14),11-diene",CC(=C)C1CCC2(CCCC(=C)C2C1)C
unimol_e_beta_farnesene,(E)-.beta.-Farnesene,CC(=CCCC(=CCCC(=C)C=C)C)C
unimol_e_2_hexenyl_hexanoate,(E)-2-Hexenyl hexanoate,CCCCCC(=O)OCC=CCCC
unimol_e_beta_farnesene_2,(E)-beta-farnesene,CC(=CCCC(=CCCC(=C)C=C)C)C
unimol_e_gamma_bisabolene,(E)-gamma-Bisabolene,CC1=CCC(=C(C)CCC=C(C)C)CC1
unimol_e_hept_2_enal,(E)-Hept-2-enal,CCCCC=CC=O
unimol_e_hex_2_enoate,(E)-hex-2-enoate,CCCC=CC(=O)[O-]
unimol_e_e_2_4_decadienoic_isobutylamide,"(E,E)-2,4-Decadienoic isobutylamide",CCCCCC=CC=CC(=O)NCC(C)C
unimol_ethoxymethyl_benzene,(Ethoxymethyl)benzene,CCOCC1=CC=CC=C1
unimol_r_citronellal,(R)-(+)-Citronellal,CC(CCC=C(C)C)CC=O
unimol_r_dihydro_alpha_ionone,(r)-(+)-dihydro-alpha-ionone,CC1=CCCC(C1CCC(=O)C)(C)C
unimol_r_alpha_phellandrene,(R)-(-)-alpha-Phellandrene,CC1=CCC(C=C1)C(C)C
unimol_r_beta_himachalene,(R)-beta-himachalene,CC1=CC2C(=C(CCCC2(C)C)C)CC1
unimol_rs_norcoclaurinium,(RS)-norcoclaurinium,C1C[NH2+]C(C2=CC(=C(C=C21)O)O)CC3=CC=C(C=C3)O
unimol_z_4_dodecenal,(Z)-4-Dodecenal,CCCCCCCC=CCCC=O
unimol_z_4_hydroxy_6_dodecenoic_acid_lactone,(Z)-4-Hydroxy-6-dodecenoic acid lactone,CCCCCC=CCC1CCC(=O)O1
unimol_z_7_hexadecenal,(Z)-7-Hexadecenal,CCCCCCCCC=CCCCCCC=O
unimol_z_8_tetradecenal,(Z)-8-Tetradecenal,CCCCCC=CCCCCCCC=O
unimol_z_beta_ocimene,(Z)-Beta-Ocimene,CC(=CCC=C(C)C=C)C
unimol_z_cinnamyl_acetate,(Z)-Cinnamyl acetate,CC(=O)OCC=CC1=CC=CC=C1
unimol_z_cinnamyl_alcohol,(Z)-cinnamyl alcohol,C1=CC=C(C=C1)C=CCO
unimol_z_ethyl_cinnamate,(Z)-Ethyl cinnamate,CCOC(=O)C=CC1=CC=CC=C1
unimol_z_hept_2_enal,(Z)-Hept-2-enal,CCCCC=CC=O
unimol_z_hex_3_en_1_ol,(Z)-Hex-3-en-1-ol,CCC=CCCO
unimol_z_hex_4_enal,(Z)-Hex-4-enal,CC=CCCC=O
unimol_z_z_3_6_nonadien_1_ol,"(Z,z)-3,6-nonadien-1-ol",CCC=CCC=CCCO
unimol_alpha_calacorene,.alpha.-Calacorene,CC1=CCC(C2=C1C=CC(=C2)C)C(C)C
unimol_alpha_campholenyl_acetate,.alpha.-Campholenyl acetate,CC1=CCC(C1(C)C)CCOC(=O)C
unimol_alpha_cubebene,.alpha.-Cubebene,CC1CCC(C2C13C2C(=CC3)C)C(C)C
unimol_beta_bourbonene,.beta.-Bourbonene,CC(C)C1CCC2(C1C3C2CCC3=C)C
unimol_beta_sesquiphellandrene,.beta.-Sesquiphellandrene,CC(CCC=C(C)C)C1CCC(=C)C=C1
unimol_1_2h_naphthalenone_octahydro_7_alpha_isopropyl_4a_beta_8a_beta_dimethyl,"1(2H)-Naphthalenone, octahydro-7.alpha.-isopropyl-4a.beta.,8a.beta.-dimethyl-, (+)-",CC(C)C1CCC2(CCCC(=O)C2(C1)C)C
unimol_1_1_6_trimethyl_1_2_dihydronaphthalene,"1,1,6-Trimethyl-1,2-dihydronaphthalene",CC1=CC2=C(C=C1)C(CC=C2)(C)C
unimol_1_1_diethoxy_3_methylbutane,"1,1-Diethoxy-3-Methylbutane",CCOC(CC(C)C)OCC
unimol_1_1_dimethoxyethane,"1,1-Dimethoxyethane",CC(OC)OC
unimol_1_2_3_5_6_pentathiepane,"1,2,3,5,6-Pentathiepane",C1SSCSSS1
unimol_1_2_4_trimethylbenzene,"1,2,4-Trimethylbenzene",CC1=CC(=C(C=C1)C)C
unimol_1_2_dimethoxybenzene,"1,2-Dimethoxybenzene",COC1=CC=CC=C1OC
unimol_1_2_dithiolane,"1,2-Dithiolane",C1CSSC1
unimol_1_2_ethanedithiol,"1,2-Ethanedithiol",C(CS)S
unimol_1_2_propanediol,"1,2-propanediol",CC(CO)O
unimol_1_3_5_undecatriene,"1,3,5-Undecatriene",CCCCCC=CC=CC=C
unimol_1_3_butadiene,"1,3-Butadiene",C=CC=C
unimol_1_3_butanediol,"1,3-Butanediol",CC(CCO)O
unimol_1_3_dichlorobenzene,"1,3-Dichlorobenzene",C1=CC(=CC(=C1)Cl)Cl
unimol_1_3_dimethoxybenzene,"1,3-Dimethoxybenzene",COC1=CC(=CC=C1)OC
unimol_1_3_diphenyl_1_butanone,"1,3-Diphenyl-1-butanone",CC(CC(=O)C1=CC=CC=C1)C2=CC=CC=C2
unimol_1_3_dithiane,"1,3-Dithiane",C1CSCSC1
unimol_1_3_hexadiene_3_ethyl_2_methyl,"1,3-Hexadiene, 3-ethyl-2-methyl-",CCC=C(CC)C(=C)C
unimol_1_3_p_menthadien_7_al,"1,3-p-Menthadien-7-al",CC(C)C1=CC=C(CC1)C=O
unimol_1_3_propanedithiol,"1,3-Propanedithiol",C(CS)CS
unimol_1_4_cineole,"1,4-Cineole",CC(C)C12CCC(O1)(CC2)C
unimol_1_4_dimethoxybenzene,"1,4-Dimethoxybenzene",COC1=CC=C(C=C1)OC
unimol_1_4_dithiane,"1,4-Dithiane",C1CSCCS1
unimol_1_6_hexanedithiol,"1,6-Hexanedithiol",C(CCCS)CCS
unimol_1_3_4_dihydro_2h_1_4_thiazin_5_yl_ethanone,"1-(3,4-dihydro-2H-1,4-thiazin-5-yl)ethanone",CC(=O)C1=CSCCN1
unimol_1_3_6_dimethylpyrazin_2_yl_ethanone,"1-(3,6-dimethylpyrazin-2-yl)ethanone",CC1=CN=C(C(=N1)C(=O)C)C
unimol_1_4_methylphenyl_ethanol,1-(4-Methylphenyl)ethanol,CC1=CC=C(C=C1)C(C)O
unimol_1_4_4_5_dihydroxy_6_hydroxymethyl_3_3_4_5_trihydroxy_6_methyloxan_2_yl_oxy_oxan_2_yl_oxy_2_6_dihydroxyphenyl_3_3_hydroxy_4_methoxyphenyl_propan_1_one,"1-(4-{[4,5-dihydroxy-6-(hydroxymethyl)-3-[(3,4,5-trihydroxy-6-methyloxan-2-yl)oxy]oxan-2-yl]oxy}-2,6-dihydroxyphenyl)-3-(3-hydroxy-4-methoxyphenyl)propan-1-one",CC1C(C(C(C(O1)OC2C(C(C(OC2OC3=CC(=C(C(=C3)O)C(=O)CCC4=CC(=C(C=C4)OC)O)O)CO)O)O)O)O)O
unimol_1_ethyltrisulfanyl_propane,1-(Ethyltrisulfanyl)propane,CCCSSSCC
unimol_1_furan_2_yl_pentan_1_one,1-(furan-2-yl)pentan-1-one,CCCCC(=O)C1=CC=CO1
unimol_1_methylthio_2_butanone,1-(Methylthio)-2-butanone,CCC(=O)CSC
unimol_1_aminopropan_2_ol,1-Aminopropan-2-ol,CC(CN)O
unimol_1_butanethiol,1-Butanethiol,CCCCS
unimol_1_butanol,1-butanol,CCCCO
unimol_1_butanol_3_mercapto_2_methyl,"1-Butanol, 3-mercapto-2-methyl-",CC(CO)C(C)S
unimol_1_butene_1_methylthio_e,"1-Butene, 1-(methylthio)-, (E)-",CCC=CSC
unimol_1_chlorooctadecane,1-Chlorooctadecane,CCCCCCCCCCCCCCCCCCCl
unimol_1_decanol,1-Decanol,CCCCCCCCCCO
unimol_1_decyne,1-Decyne,CCCCCCCCC#C
unimol_1_dodecanol,1-Dodecanol,CCCCCCCCCCCCO
unimol_1_ethoxy_3_methyl_2_butene,1-Ethoxy-3-methyl-2-butene,CCOCC=C(C)C
unimol_1_furfurylpyrrole,1-Furfurylpyrrole,C1=CN(C=C1)CC2=CC=CO2
unimol_1_heptanol,1-Heptanol,CCCCCCCO
unimol_1_hepten_3_ol,1-Hepten-3-Ol,CCCCC(C=C)O
unimol_1_hexadecanesulfonyl_chloride,1-Hexadecanesulfonyl chloride,CCCCCCCCCCCCCCCCS(=O)(=O)Cl
unimol_1_hexadecanol,1-Hexadecanol,CCCCCCCCCCCCCCCCO
unimol_1_hexadecene,1-Hexadecene,CCCCCCCCCCCCCCC=C
unimol_1_hexanethiol,1-Hexanethiol,CCCCCCS
unimol_1_hexanol,1-Hexanol,CCCCCCO
unimol_1_hexen_3_ol,1-Hexen-3-Ol,CCCC(C=C)O
unimol_1_hydroxybutan_2_one,1-Hydroxybutan-2-one,CCC(=O)CO
unimol_1_isothiocyanato_6_methylthio_hexane,1-Isothiocyanato-6-(methylthio)hexane,CSCCCCCCN=C=S
unimol_1_mercapto_2_propanone,1-Mercapto-2-propanone,CC(=O)CS
unimol_1_methoxyhexane,1-Methoxyhexane,CCCCCCOC
unimol_1_methyl_1h_pyrrole,1-Methyl-1H-pyrrole,CN1C=CC=C1
unimol_1_methyl_3_propylbenzene,1-Methyl-3-Propylbenzene,CCCC1=CC=CC(=C1)C
unimol_1_methylnaphthalene,1-Methylnaphthalene,CC1=CC=CC2=CC=CC=C12
unimol_1_nonanol,1-Nonanol,CCCCCCCCCO
unimol_1_octanol,1-octanol,CCCCCCCCO
unimol_1_octen_3_ol,1-Octen-3-Ol,CCCCCC(C=C)O
unimol_1_octen_3_one,1-Octen-3-One,CCCCCC(=O)C=C
unimol_1_octen_3_yl_acetate,1-Octen-3-yl acetate,CCCCCC(C=C)OC(=O)C
unimol_1_octen_3_yl_butyrate,1-Octen-3-yl butyrate,CCCCCC(C=C)OC(=O)CCC
unimol_1_p_menthen_9_al,1-p-Menthen-9-al,CC1=CCC(CC1)C(C)C=O
unimol_1_pentadecanol,1-Pentadecanol,CCCCCCCCCCCCCCCO
unimol_1_pentanol,1-Pentanol,CCCCCO
unimol_1_penten_3_ol,1-Penten-3-Ol,CCC(C=C)O
unimol_1_phenyl_1_2_propanedione,"1-Phenyl-1,2-Propanedione",CC(=O)C(=O)C1=CC=CC=C1
unimol_1_phenyl_1_propanol,1-Phenyl-1-propanol,CCC(C1=CC=CC=C1)O
unimol_1_phenyl_2_pentanol,1-Phenyl-2-pentanol,CCCC(CC1=CC=CC=C1)O
unimol_1_phenylethanethiol,1-Phenylethanethiol,CC(C1=CC=CC=C1)S
unimol_1_phenylethanol,1-Phenylethanol,CC(C1=CC=CC=C1)O
unimol_1_phenylethyl_acetate,1-Phenylethyl acetate,CC(C1=CC=CC=C1)OC(=O)C
unimol_1_phenylethyl_isobutyrate,1-Phenylethyl isobutyrate,CC(C)C(=O)OC(C)C1=CC=CC=C1
unimol_1_phenylethyl_propionate,1-Phenylethyl propionate,CCC(=O)OC(C)C1=CC=CC=C1
unimol_1_popc,1-Popc,CCCCCCCCCCCCCCCC(=O)OCC(COP(=O)([O-])OCC[N+](C)(C)C)OC(=O)CCCCCCCC=CCCCCCCCC
unimol_1_propanethiol,1-Propanethiol,CCCS
unimol_1_propanol,1-propanol,CCCO
unimol_1_propoxy_2_propanol,1-Propoxy-2-Propanol,CCCOCC(C)O
unimol_1_pyrroline,1-Pyrroline,C1CC=NC1
unimol_1_terpineol,1-Terpineol,CC(C)C1=CCC(CC1)(C)O
unimol_1_tetradecanol,1-Tetradecanol,CCCCCCCCCCCCCCO
unimol_1_triacontanol,1-Triacontanol,CCCCCCCCCCCCCCCCCCCCCCCCCCCCCCO
unimol_1_tridecanol,1-Tridecanol,CCCCCCCCCCCCCO
unimol_1_tridecyne,1-Tridecyne,CCCCCCCCCCCC#C
unimol_1_undecanol,1-Undecanol,CCCCCCCCCCCO
unimol_10_epi_gamma_eudesmol,10-epi-gamma-Eudesmol,CC1=C2CC(CCC2(CCC1)C)C(C)(C)O
unimol_10_undecen_1_ol,10-Undecen-1-Ol,C=CCCCCCCCCCO
unimol_10_undecenal,10-Undecenal,C=CCCCCCCCCC=O
unimol_10_undecenoic_acid,10-Undecenoic Acid,C=CCCCCCCCCC(=O)O
unimol_101517_87_7,101517-87-7,CC1NC(SC(S1)CC(C)C)C
unimol_102_19_2,102-19-2,CC(C)CCOC(=O)CC1=CC=CC=C1
unimol_103_61_7,103-61-7,CCCC(=O)OCC=CC1=CC=CC=C1
unimol_103_95_7,103-95-7,CC(C)C1=CC=C(C=C1)CC(C)C=O
unimol_104_50_7,104-50-7,CCCCC1CCC(=O)O1
unimol_1125_21_9,1125-21-9,CC1=CC(=O)CC(C1=O)(C)C
unimol_1195_32_0,1195-32-0,CC1=CC=C(C=C1)C(=C)C
unimol_1203_08_3,1203-08-3,CC1=C(C(CC=C1)(C)C)C=CC(=O)C
unimol_122_40_7,122-40-7,CCCCCC(=CC1=CC=CC=C1)C=O
unimol_13002_09_0,13002-09-0,CC(C)CCOC(C)OCCC(C)C
unimol_13494_07_0,13494-07-0,CC1CC(C(=O)C1=O)C
unimol_13679_70_4,13679-70-4,CC1=CC=C(S1)C=O
unimol_13679_85_1,13679-85-1,CC1C(=O)CCS1
unimol_13679_86_2,13679-86-2,CC(=C)C1CCC(O1)(C)C=C
unimol_14_bromopentadecanoic_acid,14-Bromopentadecanoic acid,CC(CCCCCCCCCCCCC(=O)O)Br
unimol_14400_67_0,14400-67-0,CC1C(=O)C=C(O1)C
unimol_156420_69_8,156420-69-8,CCCCCC(=S)OCC=C
unimol_16491_36_4,16491-36-4,CCCC(=O)OCCC=CCC
unimol_19322_27_1,19322-27-1,CC1=C(C(=O)CO1)O
unimol_19872_52_7,19872-52-7,CC(=O)CC(C)(C)S
unimol_1h_pyrrole_2_carbaldehyde,1H-Pyrrole-2-carbaldehyde,C1=CNC(=C1)C=O
unimol_2_4_dimethylacetophenone,"2',4'-Dimethylacetophenone",CC1=CC(=C(C=C1)C(=O)C)C
unimol_2_hydroxyacetophenone,2'-Hydroxyacetophenone,CC(=O)C1=CC=CC=C1O
unimol_2_5h_furanone,2(5H)-Furanone,C1C=CC(=O)O1
unimol_2_10_epoxypinane,"2,10-Epoxypinane",CC1(C2CCC3(C1C2)CO3)C
unimol_2_2_4_6_6_pentamethylheptane,"2,2,4,6,6-Pentamethylheptane",CC(CC(C)(C)C)CC(C)(C)C
unimol_2_2_4_trimethyl_1_3_dioxolane,"2,2,4-Trimethyl-1,3-dioxolane",CC1COC(O1)(C)C
unimol_2_2_6_trimethylcyclohexanone,"2,2,6-Trimethylcyclohexanone",CC1CCCC(C1=O)(C)C
unimol_2_3_5_6_tetramethylpyrazine,"2,3,5,6-Tetramethylpyrazine",CC1=C(N=C(C(=N1)C)C)C
unimol_2_3_5_trimethylpyrazine,"2,3,5-Trimethylpyrazine",CC1=CN=C(C(=N1)C)C
unimol_2_3_5_trithiahexane,"2,3,5-Trithiahexane",CSCSSC
unimol_2_3_6_trimethylphenol,"2,3,6-Trimethylphenol",CC1=C(C(=C(C=C1)C)O)C
unimol_2_3_butanediol,"2,3-butanediol",CC(C(C)O)O
unimol_2_3_butanedione,"2,3-butanedione",CC(=O)C(=O)C
unimol_2_3_dehydro_1_8_cineole,"2,3-Dehydro-1,8-cineole",CC1(C2CCC(O1)(C=C2)C)C
unimol_2_3_diethyl_5_methylpyrazine,"2,3-Diethyl-5-Methylpyrazine",CCC1=NC=C(N=C1CC)C
unimol_2_3_diethylpyrazine,"2,3-Diethylpyrazine",CCC1=NC=CN=C1CC
unimol_2_3_dimethylbenzofuran,"2,3-Dimethylbenzofuran",CC1=C(OC2=CC=CC=C12)C
unimol_2_3_dimethylpyrazine,"2,3-Dimethylpyrazine",CC1=NC=CN=C1C
unimol_2_3_heptanedione,"2,3-Heptanedione",CCCCC(=O)C(=O)C
unimol_2_3_hexanedione,"2,3-Hexanedione",CCCC(=O)C(=O)C
unimol_2_3_pentanedione,"2,3-Pentanedione",CCC(=O)C(=O)C
unimol_2_4_5_trimethyl_3_oxazoline,"2,4,5-Trimethyl-3-Oxazoline",CC1C(=NC(O1)C)C
unimol_2_4_5_trimethyloxazole,"2,4,5-Trimethyloxazole",CC1=C(OC(=N1)C)C
unimol_2_4_5_trimethylthiazole,"2,4,5-Trimethylthiazole",CC1=C(SC(=N1)C)C
unimol_2_4_7_tridecatrienal_e_z_z,"2,4,7-Tridecatrienal, (E,Z,Z)-",CCCCCC=CCC=CC=CC=O
unimol_2_4_decadien_1_ol,"2,4-Decadien-1-ol",CCCCCC=CC=CCO
unimol_2_4_decadienoic_acid_methyl_ester,"2,4-Decadienoic acid methyl ester",CCCCCC=CC=CC(=O)OC
unimol_2_4_di_tert_butylphenol,"2,4-Di-tert-butylphenol",CC(C)(C)C1=CC(=C(C=C1)O)C(C)(C)C
unimol_2_4_dihydroxybenzoic_acid,"2,4-dihydroxybenzoic acid",C1=CC(=C(C=C1O)O)C(=O)O
unimol_2_4_dimethyl_5_ethylthiazole,"2,4-Dimethyl-5-ethylthiazole",CCC1=C(N=C(S1)C)C
unimol_2_4_dimethyl_5_vinylthiazole,"2,4-Dimethyl-5-vinylthiazole",CC1=C(SC(=N1)C)C=C
unimol_2_4_dimethylanisole,"2,4-Dimethylanisole",CC1=CC(=C(C=C1)OC)C
unimol_2_4_dimethylbenzaldehyde,"2,4-Dimethylbenzaldehyde",CC1=CC(=C(C=C1)C=O)C
unimol_2_4_dimethylcyclohexanol,"2,4-Dimethylcyclohexanol",CC1CCC(C(C1)C)O
unimol_2_4_dimethylthiazole,"2,4-Dimethylthiazole",CC1=CSC(=N1)C
unimol_2_4_hexadien_1_ol,"2,4-Hexadien-1-Ol",CC=CC=CCO
unimol_2_4_hexadienal,"2,4-Hexadienal",CC=CC=CC=O
unimol_2_4_lutidine,"2,4-Lutidine",CC1=CC(=NC=C1)C
unimol_2_4_pentadienal,"2,4-Pentadienal",C=CC=CC=O
unimol_2_5_diethyl_3_methylpyrazine,"2,5-Diethyl-3-Methylpyrazine",CCC1=CN=C(C(=N1)C)CC
unimol_2_5_diethyl_4_methylthiazole,"2,5-Diethyl-4-methylthiazole",CCC1=C(N=C(S1)CC)C
unimol_2_5_diethyltetrahydrofuran,"2,5-Diethyltetrahydrofuran",CCC1CCC(O1)CC
unimol_2_5_dimethyl_1_4_dithiane_2_5_diol,"2,5-Dimethyl-1,4-dithiane-2,5-diol",CC1(CSC(CS1)(C)O)O
unimol_2_5_dimethyl_3_hexyne_2_5_diol,"2,5-Dimethyl-3-Hexyne-2,5-Diol",CC(C)(C#CC(C)(C)O)O
unimol_2_5_dimethyl_4_ethoxy_3_2h_furanone,"2,5-Dimethyl-4-ethoxy-3(2H)-furanone",CCOC1=C(OC(C1=O)C)C
unimol_2_5_dimethyl_4_ethyloxazole,"2,5-Dimethyl-4-ethyloxazole",CCC1=C(OC(=N1)C)C
unimol_2_5_dimethylfuran,"2,5-Dimethylfuran",CC1=CC=C(O1)C
unimol_2_5_dimethylphenol,"2,5-Dimethylphenol",CC1=CC(=C(C=C1)C)O
unimol_2_5_dimethylpyrazine,"2,5-Dimethylpyrazine",CC1=CN=C(C=N1)C
unimol_2_5_dimethylthiazole,"2,5-Dimethylthiazole",CC1=CN=C(S1)C
unimol_2_5_dimethylthiophene,"2,5-Dimethylthiophene",CC1=CC=C(S1)C
unimol_2_5_dimethylthiophene_3_carbaldehyde,"2,5-dimethylthiophene-3-carbaldehyde",CC1=CC(=C(S1)C)C=O
unimol_2_6_6_trimethyl_1_cyclohexene_1_acetaldehyde,"2,6,6-Trimethyl-1-cyclohexene-1-acetaldehyde",CC1=C(C(CCC1)(C)C)CC=O
unimol_2_6_6_trimethyl_2_hydroxycyclohexanone,"2,6,6-trimethyl-2-hydroxycyclohexanone",CC1(CCCC(C1=O)(C)O)C
unimol_2_6_di_tert_butyl_4_methylphenol,"2,6-Di-tert-butyl-4-methylphenol",CC1=CC(=C(C(=C1)C(C)(C)C)O)C(C)(C)C
unimol_2_6_dimethoxy_4_methylphenol,"2,6-Dimethoxy-4-methylphenol",CC1=CC(=C(C(=C1)OC)O)OC
unimol_2_6_dimethoxy_4_propylphenol,"2,6-Dimethoxy-4-propylphenol",CCCC1=CC(=C(C(=C1)OC)O)OC
unimol_2_6_dimethoxyphenol,"2,6-Dimethoxyphenol",COC1=C(C(=CC=C1)OC)O
unimol_2_6_dimethyl_4_heptanol,"2,6-Dimethyl-4-heptanol",CC(C)CC(CC(C)C)O
unimol_2_6_dimethyl_4_heptanone,"2,6-Dimethyl-4-heptanone",CC(C)CC(=O)CC(C)C
unimol_2_6_dimethyl_5_heptenal,"2,6-Dimethyl-5-heptenal",CC(CCC=C(C)C)C=O
unimol_2_6_dimethylphenol,"2,6-Dimethylphenol",CC1=C(C(=CC=C1)C)O
unimol_2_6_dimethylpyrazine,"2,6-Dimethylpyrazine",CC1=CN=CC(=N1)C
unimol_2_6_dimethylpyridine,"2,6-Dimethylpyridine",CC1=NC(=CC=C1)C
unimol_2_6_dimethylthiophenol,"2,6-Dimethylthiophenol",CC1=C(C(=CC=C1)C)S
unimol_2_6_nonadien_1_ol,"2,6-Nonadien-1-ol",CCC=CCCC=CCO
unimol_2_6_nonadienal,"2,6-Nonadienal",CCC=CCCC=CC=O
unimol_2_4_hydroxyphenyl_ethanol,2-(4-Hydroxyphenyl)ethanol,C1=CC(=CC=C1CCO)O
unimol_2_4_methoxyphenoxy_propanoic_acid,2-(4-Methoxyphenoxy)propanoic acid,CC(C(=O)O)OC1=CC=C(C=C1)OC
unimol_2_4_methylphenyl_propan_2_ol,2-(4-methylphenyl)propan-2-ol,CC1=CC=C(C=C1)C(C)(C)O
unimol_2_methoxymethyl_furan,2-(Methoxymethyl)furan,COCC1=CC=CO1
unimol_2_methylthio_ethanol,2-(Methylthio)ethanol,CSCCO
unimol_2_methylthio_phenol,2-(Methylthio)phenol,CSC1=CC=CC=C1O
unimol_2_methylthio_methyl_2_butenal,2-[(Methylthio)methyl]-2-butenal,CC=C(CSC)C=O
unimol_2_acetyl_1_ethylpyrrole,2-Acetyl-1-ethylpyrrole,CCN1C=CC=C1C(=O)C
unimol_2_acetyl_1_methylpyrrole,2-Acetyl-1-methylpyrrole,CC(=O)C1=CC=CN1C
unimol_2_acetyl_2_thiazoline,2-Acetyl-2-thiazoline,CC(=O)C1=NCCS1
unimol_2_acetyl_3_ethylpyrazine,2-Acetyl-3-ethylpyrazine,CCC1=NC=CN=C1C(=O)C
unimol_2_acetyl_3_methylpyrazine,2-Acetyl-3-Methylpyrazine,CC1=NC=CN=C1C(=O)C
unimol_2_acetyl_5_methylfuran,2-Acetyl-5-Methylfuran,CC1=CC=C(O1)C(=O)C
unimol_2_acetylfuran,2-Acetylfuran,CC(=O)C1=CC=CO1
unimol_2_acetylpyridine,2-Acetylpyridine,CC(=O)C1=CC=CC=N1
unimol_2_acetylpyrrole,2-Acetylpyrrole,CC(=O)C1=CC=CN1
unimol_2_acetylthiazole,2-Acetylthiazole,CC(=O)C1=NC=CS1
unimol_2_acetylthiophene,2-Acetylthiophene,CC(=O)C1=CC=CS1
unimol_2_amino_3_prop_2_en_1_ylsulfanyl_propanoic_acid,2-amino-3-(prop-2-en-1-ylsulfanyl)propanoic acid,C=CCSCC(C(=O)O)N
unimol_2_bornyl_propionate,2-Bornyl propionate,CCC(=O)OC1CC2CCC1(C2(C)C)C
unimol_2_butanol,2-Butanol,CCC(C)O
unimol_2_butanone,2-Butanone,CCC(=O)C
unimol_2_butenoic_acid_hexyl_ester,"2-Butenoic acid, hexyl ester",CCCCCCOC(=O)C=CC
unimol_2_butylfuran,2-Butylfuran,CCCCC1=CC=CO1
unimol_2_cyclohexylethyl_acetate,2-Cyclohexylethyl acetate,CC(=O)OCCC1CCCCC1
unimol_2_decanone,2-Decanone,CCCCCCCCC(=O)C
unimol_2_decenoic_acid,2-Decenoic acid,CCCCCCCC=CC(=O)O
unimol_2_dodecanone,2-Dodecanone,CCCCCCCCCCC(=O)C
unimol_2_ethyl_1_hexanethiol,2-Ethyl-1-hexanethiol,CCCCC(CC)CS
unimol_2_ethyl_3_5_dimethylpyrazine,"2-Ethyl-3,5-Dimethylpyrazine",CCC1=NC=C(N=C1C)C
unimol_2_ethyl_3_methoxypyrazine,2-Ethyl-3-Methoxypyrazine,CCC1=NC=CN=C1OC
unimol_2_ethyl_3_methylpyrazine,2-Ethyl-3-Methylpyrazine,CCC1=NC=CN=C1C
unimol_2_ethyl_4_5_dimethyloxazole,"2-Ethyl-4,5-dimethyloxazole",CCC1=NC(=C(O1)C)C
unimol_2_ethyl_4_hydroxy_5_methyl_3_2h_furanone,2-Ethyl-4-hydroxy-5-methyl-3(2H)-furanone,CCC1C(=O)C(=C(O1)C)O
unimol_2_ethyl_4_methylthiazole,2-Ethyl-4-Methylthiazole,CCC1=NC(=CS1)C
unimol_2_ethyl_5_methylpyrazine,2-Ethyl-5-Methylpyrazine,CCC1=NC=C(N=C1)C
unimol_2_ethyl_6_methylpyrazine,2-Ethyl-6-Methylpyrazine,CCC1=NC(=CN=C1)C
unimol_2_ethylbutanal,2-Ethylbutanal,CCC(CC)C=O
unimol_2_ethylbutyric_acid,2-Ethylbutyric Acid,CCC(CC)C(=O)O
unimol_2_ethylcyclobutanol,2-Ethylcyclobutanol,CCC1CCC1O
unimol_2_ethylfuran,2-Ethylfuran,CCC1=CC=CO1
unimol_2_ethylhexan_1_ol,2-Ethylhexan-1-ol,CCCCC(CC)CO
unimol_2_ethylpyrazine,2-Ethylpyrazine,CCC1=NC=CN=C1
unimol_2_ethylpyridine,2-Ethylpyridine,CCC1=CC=CC=N1
unimol_2_ethylthiazole,2-Ethylthiazole,CCC1=NC=CS1
unimol_2_furaldehyde,2-Furaldehyde,C1=COC(=C1)C=O
unimol_2_furanmethanethiol_5_methyl,"2-Furanmethanethiol, 5-methyl-",CC1=CC=C(O1)CS
unimol_2_furoic_acid,2-Furoic Acid,C1=COC(=C1)C(=O)O
unimol_2_furylacetone,2-Furylacetone,CC(=O)CC1=CC=CO1
unimol_2_heptanethiol,2-heptanethiol,CCCCCC(C)S
unimol_2_heptanol,2-Heptanol,CCCCCC(C)O
unimol_2_heptanone,2-Heptanone,CCCCCC(=O)C
unimol_2_hepten_4_one,2-Hepten-4-One,CCCC(=O)C=CC
unimol_2_heptyl_butanoate,2-Heptyl butanoate,CCCCCC(C)OC(=O)CCC
unimol_2_heptylfuran,2-Heptylfuran,CCCCCCCC1=CC=CO1
unimol_2_hexanol,2-Hexanol,CCCCC(C)O
unimol_2_hexanone,2-Hexanone,CCCCC(=O)C
unimol_2_hexenyl_propanoate,2-Hexenyl propanoate,CCCC=CCOC(=O)CC
unimol_2_hexyl_1_decanol,2-Hexyl-1-decanol,CCCCCCCCC(CCCCCC)CO
unimol_2_hexylthiophene,2-Hexylthiophene,CCCCCCC1=CC=CS1
unimol_2_hydroxy_4_methoxybenzaldehyde,2-Hydroxy-4-methoxybenzaldehyde,COC1=CC(=C(C=C1)C=O)O
unimol_2_hydroxy_4_methylbenzaldehyde,2-Hydroxy-4-methylbenzaldehyde,CC1=CC(=C(C=C1)C=O)O
unimol_2_isobutyl_3_methoxypyrazine,2-Isobutyl-3-Methoxypyrazine,CC(C)CC1=NC=CN=C1OC
unimol_2_isobutyl_3_methylpyrazine,2-Isobutyl-3-Methylpyrazine,CC1=NC=CN=C1CC(C)C
unimol_2_isobutyl_4_5_dimethyloxazole,"2-isobutyl-4,5-dimethyloxazole",CC1=C(OC(=N1)CC(C)C)C
unimol_2_isobutylthiazole,2-Isobutylthiazole,CC(C)CC1=NC=CS1
unimol_2_isopropyl_3_methoxypyrazine,2-Isopropyl-3-Methoxypyrazine,CC(C)C1=NC=CN=C1OC
unimol_2_isopropyl_4_methylthiazole,2-Isopropyl-4-methylthiazole,CC1=CSC(=N1)C(C)C
unimol_2_isopropyl_5_methyl_2_hexenal,2-Isopropyl-5-methyl-2-hexenal,CC(C)CC=C(C=O)C(C)C
unimol_2_isopropyl_5_methylcyclohexanone,2-Isopropyl-5-methylcyclohexanone,CC1CCC(C(=O)C1)C(C)C
unimol_2_isopropyl_5_methylpyrazine,2-Isopropyl-5-methylpyrazine,CC1=CN=C(C=N1)C(C)C
unimol_2_isopropyl_6_methoxypyrazine,2-isopropyl-6-methoxypyrazine,CC(C)C1=CN=CC(=N1)OC
unimol_2_isopropylphenol,2-Isopropylphenol,CC(C)C1=CC=CC=C1O
unimol_2_isopropyltoluene,2-Isopropyltoluene,CC1=CC=CC=C1C(C)C
unimol_2_mercapto_2_methyl_1_pentanol,2-Mercapto-2-Methyl-1-Pentanol,CCCC(C)(CO)S
unimol_2_methoxy_3_methylpyrazine,2-Methoxy-3-Methylpyrazine,CC1=NC=CN=C1OC
unimol_2_methoxy_4_methylphenol,2-Methoxy-4-Methylphenol,CC1=CC(=C(C=C1)O)OC
unimol_2_methoxy_4_propylphenol,2-Methoxy-4-Propylphenol,CCCC1=CC(=C(C=C1)O)OC
unimol_2_methoxy_4_vinylphenol,2-Methoxy-4-vinylphenol,COC1=C(C=CC(=C1)C=C)O
unimol_2_methoxybenzaldehyde,2-Methoxybenzaldehyde,COC1=CC=CC=C1C=O
unimol_2_methoxybenzenethiol,2-Methoxybenzenethiol,COC1=CC=CC=C1S
unimol_2_methoxycinnamaldehyde,2-Methoxycinnamaldehyde,COC1=CC=CC=C1C=CC=O
unimol_2_methoxyphenyl_acetate,2-Methoxyphenyl acetate,CC(=O)OC1=CC=CC=C1OC
unimol_2_methoxypyrazine,2-Methoxypyrazine,COC1=NC=CN=C1
unimol_2_methoxystyrene,2-Methoxystyrene,COC1=CC=CC=C1C=C
unimol_2_methyl_1_3_dithiolane,"2-Methyl-1,3-dithiolane",CC1SCCS1
unimol_2_methyl_1_butanethiol,2-Methyl-1-butanethiol,CCC(C)CS
unimol_2_methyl_1_butanol,2-Methyl-1-Butanol,CCC(C)CO
unimol_2_methyl_1_phenyl_2_propanol,2-Methyl-1-phenyl-2-propanol,CC(C)(CC1=CC=CC=C1)O
unimol_2_methyl_1_propanol,2-Methyl-1-propanol,CC(C)CO
unimol_2_methyl_2_butanol,2-Methyl-2-Butanol,CCC(C)(C)O
unimol_2_methyl_2_pentanol,2-Methyl-2-Pentanol,CCCC(C)(C)O
unimol_2_methyl_2_pentenal,2-Methyl-2-Pentenal,CCC=C(C)C=O
unimol_2_methyl_2_pentenoic_acid,2-Methyl-2-Pentenoic Acid,CCC=C(C)C(=O)O
unimol_2_methyl_3_2_furyl_propenal,2-Methyl-3-(2-furyl)propenal,CC(=CC1=CC=CO1)C=O
unimol_2_methyl_3_4_propan_2_yl_cyclohex_1_en_1_yl_propanal,2-methyl-3-[4-(propan-2-yl)cyclohex-1-en-1-yl]propanal,CC(C)C1CCC(=CC1)CC(C)C=O
unimol_2_methyl_3_buten_2_ol,2-Methyl-3-Buten-2-Ol,CC(C)(C=C)O
unimol_2_methyl_3_furanthiol,2-Methyl-3-furanthiol,CC1=C(C=CO1)S
unimol_2_methyl_3_heptanone,2-Methyl-3-Heptanone,CCCCC(=O)C(C)C
unimol_2_methyl_3_pentanone,2-Methyl-3-Pentanone,CCC(=O)C(C)C
unimol_2_methyl_3_pentenoic_acid,2-Methyl-3-pentenoic acid,CC=CC(C)C(=O)O
unimol_2_methyl_3_tetrahydrofuranthiol,2-Methyl-3-tetrahydrofuranthiol,CC1C(CCO1)S
unimol_2_methyl_4_propyl_1_3_oxathiane,"2-Methyl-4-propyl-1,3-oxathiane",CCCC1CCOC(S1)C
unimol_2_methyl_5_1s_2s_4r_2_methyl_3_methylenebicyclo_2_2_1_heptan_2_yl_pent_2_en_1_ol,"2-Methyl-5-((1S,2S,4R)-2-methyl-3-methylenebicyclo[2.2.1]heptan-2-yl)pent-2-en-1-ol",CC(=CCCC1(C2CCC(C2)C1=C)C)CO
unimol_2_methyl_5_methylthio_furan,2-Methyl-5-(methylthio)furan,CC1=CC=C(O1)SC
unimol_2_methyl_5_vinylpyrazine,2-Methyl-5-Vinylpyrazine,CC1=NC=C(N=C1)C=C
unimol_2_methylanisole,2-Methylanisole,CC1=CC=CC=C1OC
unimol_2_methylbenzaldehyde,2-Methylbenzaldehyde,CC1=CC=CC=C1C=O
unimol_2_methylbenzenethiol,2-Methylbenzenethiol,CC1=CC=CC=C1S
unimol_2_methylbutanoic_acid,2-Methylbutanoic acid,CCC(C)C(=O)O
unimol_2_methylbutyl_2_methylbutyrate,2-METHYLBUTYL 2-METHYLBUTYRATE,CCC(C)COC(=O)C(C)CC
unimol_2_methylbutyl_acetate,2-Methylbutyl Acetate,CCC(C)COC(=O)C
unimol_2_methylbutyl_isovalerate,2-Methylbutyl isovalerate,CCC(C)COC(=O)CC(C)C
unimol_2_methylbutyraldehyde,2-Methylbutyraldehyde,CCC(C)C=O
unimol_2_methylfuran,2-Methylfuran,CC1=CC=CO1
unimol_2_methylheptanoic_acid,2-Methylheptanoic Acid,CCCCCC(C)C(=O)O
unimol_2_methylhexanoic_acid,2-Methylhexanoic Acid,CCCCC(C)C(=O)O
unimol_2_methylnaphthalene,2-Methylnaphthalene,CC1=CC2=CC=CC=C2C=C1
unimol_2_methylpentanal,2-Methylpentanal,CCCC(C)C=O
unimol_2_methylpentanoic_acid,2-Methylpentanoic acid,CCCC(C)C(=O)O
unimol_2_methylpropyl_but_2_enoate,2-methylpropyl but-2-enoate,CC=CC(=O)OCC(C)C
unimol_2_methylpyrazine,2-Methylpyrazine,CC1=NC=CN=C1
unimol_2_methylpyridine,2-Methylpyridine,CC1=CC=CC=N1
unimol_2_methyltetradecane,2-Methyltetradecane,CCCCCCCCCCCCC(C)C
unimol_2_methyltetrahydrofuran_3_one,2-Methyltetrahydrofuran-3-One,CC1C(=O)CCO1
unimol_2_methylthioacetaldehyde,2-Methylthioacetaldehyde,CSCC=O
unimol_2_methylthiophene,2-Methylthiophene,CC1=CC=CS1
unimol_2_methyltridecane,2-Methyltridecane,CCCCCCCCCCCC(C)C
unimol_2_methylundecanal,2-Methylundecanal,CCCCCCCCCC(C)C=O
unimol_2_nonanol,2-Nonanol,CCCCCCCC(C)O
unimol_2_nonanone,2-Nonanone,CCCCCCCC(=O)C
unimol_2_nonen_4_one,2-Nonen-4-one,CCCCCC(=O)C=CC
unimol_2_nonenoic_acid,2-Nonenoic acid,CCCCCCC=CC(=O)O
unimol_2_octen_1_ol_acetate,"2-Octen-1-ol, acetate",CCCCCC=CCOC(=O)C
unimol_2_octen_4_one,2-Octen-4-one,CCCCC(=O)C=CC
unimol_2_oxobutanoic_acid,2-oxobutanoic acid,CCC(=O)C(=O)O
unimol_2_pentadecanone,2-Pentadecanone,CCCCCCCCCCCCCC(=O)C
unimol_2_pentadecyn_1_ol,2-Pentadecyn-1-ol,CCCCCCCCCCCCC#CCO
unimol_2_pentanethiol,2-Pentanethiol,CCCC(C)S
unimol_2_pentanol,2-Pentanol,CCCC(C)O
unimol_2_pentanone,2-Pentanone,CCCC(=O)C
unimol_2_pentenal_z,"2-Pentenal, (Z)-",CCC=CC=O
unimol_2_pentenoic_acid,2-Pentenoic Acid,CCC=CC(=O)O
unimol_2_pentyl_acetate,2-Pentyl Acetate,CCCC(C)OC(=O)C
unimol_2_pentyl_butyrate,2-Pentyl butyrate,CCCC(C)OC(=O)CCC
unimol_2_pentylfuran,2-Pentylfuran,CCCCCC1=CC=CO1
unimol_2_pentylpyridine,2-Pentylpyridine,CCCCCC1=CC=CC=N1
unimol_2_pentylthiophene,2-Pentylthiophene,CCCCCC1=CC=CS1
unimol_2_phenyl_2_butenal,2-Phenyl-2-Butenal,CC=C(C=O)C1=CC=CC=C1
unimol_2_phenylethanol,2-Phenylethanol,C1=CC=C(C=C1)CCO
unimol_2_phenylethyl_formate,2-Phenylethyl formate,C1=CC=C(C=C1)CCOC=O
unimol_2_phenylethyl_hexanoate,2-Phenylethyl hexanoate,CCCCCC(=O)OCCC1=CC=CC=C1
unimol_2_phenylethyl_octanoate,2-Phenylethyl octanoate,CCCCCCCC(=O)OCCC1=CC=CC=C1
unimol_2_phenylethyl_pentanoate,2-Phenylethyl pentanoate,CCCCC(=O)OCCC1=CC=CC=C1
unimol_2_phenylethyl_propionate,2-Phenylethyl propionate,CCC(=O)OCCC1=CC=CC=C1
unimol_2_phenylpropanal,2-Phenylpropanal,CC(C=O)C1=CC=CC=C1
unimol_2_propanethiol,2-Propanethiol,CC(C)S
unimol_2_propen_1_one_3_4_hydroxyphenyl_1_phenyl,"2-Propen-1-one, 3-(4-hydroxyphenyl)-1-phenyl-",C1=CC=C(C=C1)C(=O)C=CC2=CC=C(C=C2)O
unimol_2_propionyl_1_pyrroline,2-propionyl-1-pyrroline,CCC(=O)C1=NCCC1
unimol_2_propionyl_2_thiazoline,2-propionyl-2-thiazoline,CCC(=O)C1=NCCS1
unimol_2_propionylpyrrole,2-Propionylpyrrole,CCC(=O)C1=CC=CN1
unimol_2_propylphenol,2-Propylphenol,CCCC1=CC=CC=C1O
unimol_2_propylpyrazine,2-Propylpyrazine,CCCC1=NC=CN=C1
unimol_2_propylpyridine,2-Propylpyridine,CCCC1=CC=CC=N1
unimol_2_pyrrolidinone,2-Pyrrolidinone,C1CC(=O)NC1
unimol_2_sec_butylthiazole,2-sec-Butylthiazole,CCC(C)C1=NC=CS1
unimol_2_trans_6_cis_dodecadienal,2-trans-6-cis-Dodecadienal,CCCCCC=CCCC=CC=O
unimol_2_tridecanone,2-Tridecanone,CCCCCCCCCCCC(=O)C
unimol_2_undecanol,2-Undecanol,CCCCCCCCCC(C)O
unimol_2_undecanone,2-Undecanone,CCCCCCCCCC(=O)C
unimol_2_undecenal,2-Undecenal,CCCCCCCCC=CC=O
unimol_2_vinylpyrazine,2-Vinylpyrazine,C=CC1=NC=CN=C1
unimol_20189_42_8,20189-42-8,CCC1=C(C(=O)NC1=O)C
unimol_227456_27_1,227456-27-1,CCC(C(C)CO)S
unimol_23726_92_3,23726-92-3,CC=CC(=O)C1=C(CCCC1(C)C)C
unimol_23747_48_0,23747-48-0,CC1CCC2=NC=CN=C12
unimol_24168_70_5,24168-70-5,CCC(C)C1=NC=CN=C1OC
unimol_24851_98_7,24851-98-7,CCCCCC1C(CCC1=O)CC(=O)OC
unimol_2564_86_5,2564-86-5,C(=O)[O]
unimol_28374_89_2,28374-89-2,CCC(C)C(=O)C1=C(C(C(=O)C(C1=O)CC=C(C)C)(CC=C(C)C)O)O
unimol_28664_35_9,28664-35-9,CC1C(=C(C(=O)O1)O)C
unimol_2e_4z_decadienal,"2E,4Z-Decadienal",CCCCCC=CC=CC=O
unimol_3_4_dimethoxyacetophenone,"3',4'-Dimethoxyacetophenone",CC(=O)C1=CC(=C(C=C1)OC)OC
unimol_3_3_dimethylacrylic_acid,"3,3-Dimethylacrylic acid",CC(=CC(=O)O)C
unimol_3_3_dimethylcyclohexanol,"3,3-Dimethylcyclohexanol",CC1(CCCC(C1)O)C
unimol_3_4_dihydroxybenzaldehyde,"3,4-Dihydroxybenzaldehyde",C1=CC(=C(C=C1C=O)O)O
unimol_3_4_dihydroxybenzoic_acid,"3,4-Dihydroxybenzoic Acid",C1=CC(=C(C=C1C(=O)O)O)O
unimol_3_4_dimethoxybenzaldehyde,"3,4-Dimethoxybenzaldehyde",COC1=C(C=C(C=C1)C=O)OC
unimol_3_4_dimethoxystyrene,"3,4-Dimethoxystyrene",COC1=C(C=C(C=C1)C=C)OC
unimol_3_4_dimethyl_1_2_cyclopentanedione,"3,4-Dimethyl-1,2-cyclopentanedione",CC1CC(=O)C(=O)C1C
unimol_3_4_dimethylphenol,"3,4-Dimethylphenol",CC1=C(C=C(C=C1)O)C
unimol_3_4_hexanedione,"3,4-Hexanedione",CCC(=O)C(=O)CC
unimol_3_5_5_trimethylhexan_1_ol,"3,5,5-Trimethylhexan-1-ol",CC(CCO)CC(C)(C)C
unimol_3_5_diethyl_1_2_4_trithiolane,"3,5-Diethyl-1,2,4-trithiolane",CCC1SC(SS1)CC
unimol_3_5_diethyl_2_methylpyrazine,"3,5-Diethyl-2-Methylpyrazine",CCC1=CN=C(C(=N1)CC)C
unimol_3_5_dimethyl_1_2_4_trithiolane,"3,5-Dimethyl-1,2,4-Trithiolane",CC1SC(SS1)C
unimol_3_5_dimethyl_2_isobutylpyrazine,"3,5-Dimethyl-2-isobutylpyrazine",CC1=CN=C(C(=N1)C)CC(C)C
unimol_3_5_octadien_2_one,"3,5-Octadien-2-one",CCC=CC=CC(=O)C
unimol_3_6_nonadien_1_ol,"3,6-Nonadien-1-ol",CCC=CCC=CCCO
unimol_3_6_nonadien_1_ol_e_z,"3,6-Nonadien-1-ol, (E,Z)-",CCC=CCC=CCCO
unimol_3_7_11_trimethyl_1_dodecanol,"3,7,11-Trimethyl-1-dodecanol",CC(C)CCCC(C)CCCC(C)CCO
unimol_3_7_4_trihydroxyflavone,"3,7,4'-Trihydroxyflavone",C1=CC(=CC=C1C2=C(C(=O)C3=C(O2)C=C(C=C3)O)O)O
unimol_3_7_dimethyl_1_octanol,"3,7-Dimethyl-1-octanol",CC(C)CCCC(C)CCO
unimol_3_7_dimethyloctane_1_7_diol,"3,7-Dimethyloctane-1,7-diol",CC(CCCC(C)(C)O)CCO
unimol_3_2_furyl_acrolein,3-(2-Furyl)acrolein,C1=COC(=C1)C=CC=O
unimol_3_methylthio_1_hexanol,3-(Methylthio)-1-hexanol,CCCC(CCO)SC
unimol_3_methylthio_butyraldehyde,3-(Methylthio)butyraldehyde,CC(CC=O)SC
unimol_3_methylthio_hexyl_acetate,3-(Methylthio)hexyl acetate,CCCC(CCOC(=O)C)SC
unimol_3_methylthio_propionaldehyde,3-(Methylthio)propionaldehyde,CSCCC=O
unimol_3_methylthio_propyl_acetate,3-(Methylthio)propyl acetate,CC(=O)OCCCSC
unimol_3_methylthio_propyl_isothiocyanate,3-(Methylthio)propyl isothiocyanate,CSCCCN=C=S
unimol_3_acetyl_2_5_dimethylfuran,"3-Acetyl-2,5-dimethylfuran",CC1=CC(=C(O1)C)C(=O)C
unimol_3_acetyl_2_5_dimethylthiophene,"3-Acetyl-2,5-dimethylthiophene",CC1=CC(=C(S1)C)C(=O)C
unimol_3_acetylpyridine,3-Acetylpyridine,CC(=O)C1=CN=CC=C1
unimol_3_butenyl_isothiocyanate,3-Butenyl isothiocyanate,C=CCCN=C=S
unimol_3_carene_2,3-Carene,CC1=CCC2C(C1)C2(C)C
unimol_3_decanol,3-Decanol,CCCCCCCC(CC)O
unimol_3_decanone,3-Decanone,CCCCCCCC(=O)CC
unimol_3_ethyl_2_5_dimethylpyrazine,"3-Ethyl-2,5-dimethylpyrazine",CCC1=NC(=CN=C1C)C
unimol_3_ethyl_o_xylene,3-Ethyl-o-xylene,CCC1=CC=CC(=C1C)C
unimol_3_ethylpyridine,3-Ethylpyridine,CCC1=CN=CC=C1
unimol_3_heptanol,3-Heptanol,CCCCC(CC)O
unimol_3_heptanone,3-Heptanone,CCCCC(=O)CC
unimol_3_hepten_2_one,3-Hepten-2-One,CCCC=CC(=O)C
unimol_3_hexanol,3-Hexanol,CCCC(CC)O
unimol_3_hexanone,3-Hexanone,CCCC(=O)CC
unimol_3_hexenal,3-Hexenal,CCC=CCC=O
unimol_3_hexenoic_acid_methyl_ester,"3-Hexenoic acid, methyl ester",CCC=CCC(=O)OC
unimol_3_hydroxy_2_pentanone,3-Hydroxy-2-Pentanone,CCC(C(=O)C)O
unimol_3_hydroxy_4_phenylbutan_2_one,3-hydroxy-4-phenylbutan-2-one,CC(=O)C(CC1=CC=CC=C1)O
unimol_3_hydroxy_5_methyl_2_hexanone,3-Hydroxy-5-methyl-2-hexanone,CC(C)CC(C(=O)C)O
unimol_3_hydroxypyruvic_acid,3-Hydroxypyruvic acid,C(C(=O)C(=O)O)O
unimol_3_isobutylpyridine,3-Isobutylpyridine,CC(C)CC1=CN=CC=C1
unimol_3_mercapto_2_methylpentanal,3-Mercapto-2-methylpentanal,CCC(C(C)C=O)S
unimol_3_mercapto_3_methyl_1_butanol,3-Mercapto-3-methyl-1-butanol,CC(C)(CCO)S
unimol_3_mercapto_3_methylbutyl_formate,3-Mercapto-3-methylbutyl formate,CC(C)(CCOC=O)S
unimol_3_mercaptohexyl_acetate,3-Mercaptohexyl acetate,CCCC(CCOC(=O)C)S
unimol_3_mercaptohexyl_butyrate,3-Mercaptohexyl butyrate,CCCC(CCOC(=O)CCC)S
unimol_3_methoxybenzaldehyde,3-Methoxybenzaldehyde,COC1=CC=CC(=C1)C=O
unimol_3_methyl_1_2_4_trithiane,"3-Methyl-1,2,4-trithiane",CC1SCCSS1
unimol_3_methyl_1_butanol,3-Methyl-1-butanol,CC(C)CCO
unimol_3_methyl_1_hexanol,3-Methyl-1-Hexanol,CCCC(C)CCO
unimol_3_methyl_1_pentanol,3-Methyl-1-Pentanol,CCC(C)CCO
unimol_3_methyl_2_5h_furanone,3-Methyl-2(5H)-furanone,CC1=CCOC1=O
unimol_3_methyl_2_butanethiol,3-Methyl-2-butanethiol,CC(C)C(C)S
unimol_3_methyl_2_butanol,3-Methyl-2-Butanol,CC(C)C(C)O
unimol_3_methyl_2_butanone,3-Methyl-2-Butanone,CC(C)C(=O)C
unimol_3_methyl_2_buten_1_ol,3-Methyl-2-Buten-1-Ol,CC(=CCO)C
unimol_3_methyl_2_butenal,3-Methyl-2-butenal,CC(=CC=O)C
unimol_3_methyl_2_cyclohexen_1_one,3-Methyl-2-Cyclohexen-1-One,CC1=CC(=O)CCC1
unimol_3_methyl_2_cyclopenten_1_one,3-Methyl-2-Cyclopenten-1-One,CC1=CC(=O)CC1
unimol_3_methyl_2_oxobutanoic_acid,3-Methyl-2-oxobutanoic acid,CC(C)C(=O)C(=O)O
unimol_3_methyl_3_butenyl_acetate,3-Methyl-3-butenyl acetate,CC(=C)CCOC(=O)C
unimol_3_methyl_3_pentanol,3-Methyl-3-Pentanol,CCC(C)(CC)O
unimol_3_methylbenzaldehyde,3-Methylbenzaldehyde,CC1=CC=CC(=C1)C=O
unimol_3_methylbutanal,3-Methylbutanal,CC(C)CC=O
unimol_3_methylbutyl_2_methylbutanoate,3-Methylbutyl 2-methylbutanoate,CCC(C)C(=O)OCCC(C)C
unimol_3_methylbutyl_isothiocyanate,3-Methylbutyl isothiocyanate,CC(C)CCN=C=S
unimol_3_methylcyclohexane_1_2_dione,"3-Methylcyclohexane-1,2-dione",CC1CCCC(=O)C1=O
unimol_3_methylcyclohexanone,3-Methylcyclohexanone,CC1CCCC(=O)C1
unimol_3_methylcyclopentane_1_2_dione,"3-Methylcyclopentane-1,2-dione",CC1CCC(=O)C1=O
unimol_3_methylfuran,3-Methylfuran,CC1=COC=C1
unimol_3_methylhexan_2_ol,3-Methylhexan-2-ol,CCCC(C)C(C)O
unimol_3_methylindole,3-Methylindole,CC1=CNC2=CC=CC=C12
unimol_3_methylnonane_2_4_dione,"3-methylnonane-2,4-dione",CCCCCC(=O)C(C)C(=O)C
unimol_3_methylpentadecane,3-Methylpentadecane,CCCCCCCCCCCCC(C)CC
unimol_3_methylthiopropanol,3-methylthiopropanol,CSCCCO
unimol_3_methylvaleric_acid,3-Methylvaleric acid,CCC(C)CC(=O)O
unimol_3_nonanone,3-Nonanone,CCCCCCC(=O)CC
unimol_3_octanol,3-Octanol,CCCCCC(CC)O
unimol_3_octanone,3-Octanone,CCCCCC(=O)CC
unimol_3_octen_2_one,3-Octen-2-One,CCCCC=CC(=O)C
unimol_3_octenoic_acid,3-Octenoic Acid,CCCCC=CCC(=O)O
unimol_3_octyl_acetate,3-Octyl acetate,CCCCCC(CC)OC(=O)C
unimol_3_oxo_alpha_ionol,3-Oxo-alpha-ionol,CC1=CC(=O)CC(C1C=CC(C)O)(C)C
unimol_3_oxobutan_2_yl_acetate,3-oxobutan-2-yl acetate,CC(C(=O)C)OC(=O)C
unimol_3_pentanone,3-Pentanone,CCC(=O)CC
unimol_3_phenylpropan_1_ol,3-Phenylpropan-1-ol,C1=CC=C(C=C1)CCCO
unimol_3_phenylpropanal,3-Phenylpropanal,C1=CC=C(C=C1)CCC=O
unimol_3_phenylpropanenitrile,3-Phenylpropanenitrile,C1=CC=C(C=C1)CCC#N
unimol_3_phenylpropanoic_acid,3-Phenylpropanoic acid,C1=CC=C(C=C1)CCC(=O)O
unimol_3_phenylpropyl_acetate,3-Phenylpropyl acetate,CC(=O)OCCCC1=CC=CC=C1
unimol_3_phenylpropyl_propionate,3-Phenylpropyl propionate,CCC(=O)OCCCC1=CC=CC=C1
unimol_3_propylidenephthalide,3-Propylidenephthalide,CCC=C1C2=CC=CC=C2C(=O)O1
unimol_3_thujanone,3-Thujanone,CC1C2CC2(CC1=O)C(C)C
unimol_3_thujene,3-Thujene,CC1=CCC2(C1C2)C(C)C
unimol_3025_30_7,3025-30-7,CCCCCC=CC=CC(=O)OCC
unimol_32064_73_6,32064-73-6,CCCCCC(=O)C=CCC
unimol_3242_08_8,3242-08-8,CC(=C1CCC(C(C1)C(=C)C)(C)C=C)C
unimol_33368_82_0,33368-82-0,CC=CC(C=C)SSC(C=C)C=CC
unimol_34686_71_0,34686-71-0,CCC=CCC1CCCC(=O)O1
unimol_3658_77_3,3658-77-3,CC1C(=O)C(=C(O1)C)O
unimol_3695_24_7,3695-24-7,COC1=C(C=C(C=C1)C(C(=O)O)O)O
unimol_3738_00_9,3738-00-9,CC1(CCCC2(C1CCC3(C2CCO3)C)C)C
unimol_4_hydroxyacetophenone,4'-Hydroxyacetophenone,CC(=O)C1=CC=C(C=C1)O
unimol_4_isopropylacetophenone,4'-Isopropylacetophenone,CC(C)C1=CC=C(C=C1)C(=O)C
unimol_4_methoxyacetophenone,4'-Methoxyacetophenone,CC(=O)C1=CC=C(C=C1)OC
unimol_4_methylacetophenone,4'-Methylacetophenone,CC1=CC=C(C=C1)C(=O)C
unimol_4_4_7a_trimethyl_5_6_7_7a_tetrahydrobenzofuran_2_4h_one,"4,4,7a-Trimethyl-5,6,7,7a-tetrahydrobenzofuran-2(4H)-one",CC1(CCCC2(C1=CC(=O)O2)C)C
unimol_4_4_dimethoxy_2_butanone,"4,4-Dimethoxy-2-butanone",CC(=O)CC(OC)OC
unimol_4_5_dimethyl_2_propyloxazole,"4,5-Dimethyl-2-propyloxazole",CCCC1=NC(=C(O1)C)C
unimol_4_5_dimethylthiazole,"4,5-Dimethylthiazole",CC1=C(SC=N1)C
unimol_4_8_methanoazulen_9_ol_decahydro_2_2_4_8_tetramethyl_stereoisomer,"4,8-Methanoazulen-9-ol, decahydro-2,2,4,8-tetramethyl-, stereoisomer",CC1(CC2C(C1)C3(CCCC2(C3O)C)C)C
unimol_4_4_hydroxyphenyl_2_butanone,4-(4-Hydroxyphenyl)-2-butanone,CC(=O)CCC1=CC=C(C=C1)O
unimol_4_4_methoxyphenyl_2_butanone,4-(4-Methoxyphenyl)-2-butanone,CC(=O)CCC1=CC=C(C=C1)OC
unimol_4_but_2_en_1_ylidene_3_5_5_trimethylcyclohex_2_enone,"4-(But-2-en-1-ylidene)-3,5,5-trimethylcyclohex-2-enone",CC=CC=C1C(=CC(=O)CC1(C)C)C
unimol_4_ethoxymethyl_2_methoxyphenol,4-(Ethoxymethyl)-2-methoxyphenol,CCOCC1=CC(=C(C=C1)O)OC
unimol_4_z_prop_1_enyl_phenol,4-[(Z)-prop-1-enyl]phenol,CC=CC1=CC=C(C=C1)O
unimol_4_acetyl_1_4_dimethyl_1_cyclohexene,"4-Acetyl-1,4-dimethyl-1-cyclohexene",CC1=CCC(CC1)(C)C(=O)C
unimol_4_allyl_2_6_dimethoxyphenol,"4-Allyl-2,6-dimethoxyphenol",COC1=CC(=CC(=C1O)OC)CC=C
unimol_4_decenoic_acid,4-Decenoic acid,CCCCCC=CCCC(=O)O
unimol_4_decenyl_acetate_z,4-DECENYL ACETATE (Z),CCCCCC=CCCCOC(=O)C
unimol_4_ethoxybenzaldehyde,4-Ethoxybenzaldehyde,CCOC1=CC=C(C=C1)C=O
unimol_4_ethyl_1_2_dimethoxybenzene,"4-Ethyl-1,2-dimethoxybenzene",CCC1=CC(=C(C=C1)OC)OC
unimol_4_ethyl_2_methoxyphenol,4-Ethyl-2-methoxyphenol,CCC1=CC(=C(C=C1)O)OC
unimol_4_ethylbenzaldehyde,4-Ethylbenzaldehyde,CCC1=CC=C(C=C1)C=O
unimol_4_ethyloctanoic_acid,4-Ethyloctanoic acid,CCCCC(CC)CCC(=O)O
unimol_4_ethylphenol,4-Ethylphenol,CCC1=CC=C(C=C1)O
unimol_4_ethylsyringol,4-Ethylsyringol,CCC1=CC(=C(C(=C1)OC)O)OC
unimol_4_formyl_2_methoxyphenyl_acetate,4-Formyl-2-methoxyphenyl acetate,CC(=O)OC1=C(C=C(C=C1)C=O)OC
unimol_4_heptanone,4-Heptanone,CCCC(=O)CCC
unimol_4_hexen_1_ol,4-Hexen-1-Ol,CC=CCCCO
unimol_4_hexen_3_one,4-Hexen-3-One,CCC(=O)C=CC
unimol_4_hexenoic_acid,4-Hexenoic acid,CC=CCCC(=O)O
unimol_4_hydroxybenzaldehyde,4-hydroxybenzaldehyde,C1=CC(=CC=C1C=O)O
unimol_4_hydroxybenzoic_acid,4-Hydroxybenzoic Acid,C1=CC(=CC=C1C(=O)O)O
unimol_4_hydroxybenzyl_alcohol,4-hydroxybenzyl alcohol,C1=CC(=CC=C1CO)O
unimol_4_isopropenyl_1_methyl_7_oxabicyclo_4_1_0_heptan_2_one,4-Isopropenyl-1-methyl-7-oxabicyclo[4.1.0]heptan-2-one,CC(=C)C1CC2C(O2)(C(=O)C1)C
unimol_4_isopropylbenzaldehyde,4-isopropylbenzaldehyde,CC(C)C1=CC=C(C=C1)C=O
unimol_4_isopropylbenzyl_alcohol,4-isopropylbenzyl alcohol,CC(C)C1=CC=C(C=C1)CO
unimol_4_isopropylphenol,4-Isopropylphenol,CC(C)C1=CC=C(C=C1)O
unimol_4_menthen_8_ol,4-Menthen-8-ol,CC1CCC(=CC1)C(C)(C)O
unimol_4_methoxy_2_methyl_2_butanethiol,4-Methoxy-2-methyl-2-butanethiol,CC(C)(CCOC)S
unimol_4_methoxybenzaldehyde,4-Methoxybenzaldehyde,COC1=CC=C(C=C1)C=O
unimol_4_methoxybenzoic_acid,4-Methoxybenzoic Acid,COC1=CC=C(C=C1)C(=O)O
unimol_4_methoxybenzyl_acetate,4-Methoxybenzyl acetate,CC(=O)OCC1=CC=C(C=C1)OC
unimol_4_methoxybenzyl_alcohol,4-Methoxybenzyl Alcohol,COC1=CC=C(C=C1)CO
unimol_4_methoxybenzyl_formate,4-Methoxybenzyl formate,COC1=CC=C(C=C1)COC=O
unimol_4_methoxycinnamaldehyde,4-Methoxycinnamaldehyde,COC1=CC=C(C=C1)C=CC=O
unimol_4_methoxyphenol,4-Methoxyphenol,COC1=CC=C(C=C1)O
unimol_4_methoxyphenylacetone,4-Methoxyphenylacetone,CC(=O)CC1=CC=C(C=C1)OC
unimol_4_methoxystyrene,4-Methoxystyrene,COC1=CC=C(C=C1)C=C
unimol_4_methyl_2_oxovaleric_acid,4-Methyl-2-oxovaleric acid,CC(C)CC(=O)C(=O)O
unimol_4_methyl_2_pentanone,4-Methyl-2-pentanone,CC(C)CC(=O)C
unimol_4_methyl_2_pentenal,4-Methyl-2-Pentenal,CC(C)C=CC=O
unimol_4_methyl_2_pentenoic_acid,4-Methyl-2-pentenoic acid,CC(C)C=CC(=O)O
unimol_4_methyl_2_phenyl_1_3_dioxolane,"4-Methyl-2-phenyl-1,3-dioxolane",CC1COC(O1)C2=CC=CC=C2
unimol_4_methyl_2_phenyl_2_pentenal,4-Methyl-2-phenyl-2-pentenal,CC(C)C=C(C=O)C1=CC=CC=C1
unimol_4_methyl_2_phenylpent_2_enal,4-methyl-2-phenylpent-2-enal,CC(C)C=C(C=O)C1=CC=CC=C1
unimol_4_methyl_5_thiazoleethanol,4-Methyl-5-Thiazoleethanol,CC1=C(SC=N1)CCO
unimol_4_methyl_5_vinylthiazole,4-Methyl-5-Vinylthiazole,CC1=C(SC=N1)C=C
unimol_4_methylanisole,4-Methylanisole,CC1=CC=C(C=C1)OC
unimol_4_methylnonanoic_acid,4-Methylnonanoic acid,CCCCCC(C)CCC(=O)O
unimol_4_methyloctanoic_acid,4-Methyloctanoic acid,CCCCC(C)CCC(=O)O
unimol_4_methylpentanoic_acid,4-Methylpentanoic Acid,CC(C)CCC(=O)O
unimol_4_methylthiazole,4-Methylthiazole,CC1=CSC=N1
unimol_4_methylthio_2_butanone,4-Methylthio-2-butanone,CC(=O)CCSC
unimol_4_methylthio_2_oxobutanoic_acid,4-Methylthio-2-oxobutanoic acid,CSCCC(=O)C(=O)O
unimol_4_octenoic_acid_methyl_ester,"4-Octenoic acid, methyl ester",CCCC=CCCC(=O)OC
unimol_4_penten_2_ol,4-Penten-2-Ol,CC(CC=C)O
unimol_4_pentenyl_isothiocyanate,4-Pentenyl isothiocyanate,C=CCCCN=C=S
unimol_4_propenyl_2_6_dimethoxyphenol,"4-Propenyl-2,6-dimethoxyphenol",CC=CC1=CC(=C(C(=C1)OC)O)OC
unimol_4_propylanisole,4-Propylanisole,CCCC1=CC=C(C=C1)OC
unimol_4_propylphenol,4-Propylphenol,CCCC1=CC=C(C=C1)O
unimol_4_tert_butylphenol,4-tert-Butylphenol,CC(C)(C)C1=CC=C(C=C1)O
unimol_4_vinylphenol,4-Vinylphenol,C=CC1=CC=C(C=C1)O
unimol_4077_47_8,4077-47-8,CC1C(=O)C(=C(O1)C)OC
unimol_41519_23_7,41519-23-7,CCC=CCCOC(=O)C(C)C
unimol_4166_20_5,4166-20-5,CC1C(=O)C(=C(O1)C)OC(=O)C
unimol_42348_12_9,42348-12-9,CCC1=C(C(=O)CC1C)O
unimol_4674_50_4,4674-50-4,CC1CC(=O)C=C2C1(CC(CC2)C(=C)C)C
unimol_483_77_2,483-77-2,CC1CCC(C2=C1C=CC(=C2)C)C(C)C
unimol_4883_60_7,4883-60-7,CC1=C(C(=O)CC(C1)(C)C)O
unimol_489_53_2,489-53-2,CC1(C(O1)CC2=C(C=CC3=C2OC(=O)C=C3)OC)C
unimol_4a_2h_naphthol_octahydro_4_8a_dimethyl,"4a(2H)-Naphthol, octahydro-4,8a-dimethyl-",CC1CCCC2(C1(CCCC2)O)C
unimol_5_6_7_8_tetrahydroquinoxaline,"5,6,7,8-Tetrahydroquinoxaline",C1CCC2=NC=CN=C2C1
unimol_5_6_dimethyloxan_2_one,"5,6-dimethyloxan-2-one",CC1CCC(=O)OC1C
unimol_5_6_epoxy_beta_ionone,"5,6-Epoxy-beta-ionone",CC(=O)C=CC12C(CCCC1(O2)C)(C)C
unimol_5_7_dihydroxyflavanone,"5,7-Dihydroxyflavanone",C1C(OC2=CC(=CC(=C2C1=O)O)O)C3=CC=CC=C3
unimol_5_7_dihydroxyisoflavone,"5,7-Dihydroxyisoflavone",C1=CC=C(C=C1)C2=COC3=CC(=CC(=C3C2=O)O)O
unimol_5_ethyl_2_5h_furanone,5-Ethyl-2(5H)-furanone,CCC1C=CC(=O)O1
unimol_5_ethyl_2_3_dimethylpyrazine,"5-Ethyl-2,3-dimethylpyrazine",CCC1=CN=C(C(=N1)C)C
unimol_5_ethyl_2_hydroxy_3_methylcyclopent_2_en_1_one,5-Ethyl-2-hydroxy-3-methylcyclopent-2-en-1-one,CCC1CC(=C(C1=O)O)C
unimol_5_ethyl_2_methylpyridine,5-Ethyl-2-methylpyridine,CCC1=CN=C(C=C1)C
unimol_5_ethyl_2_methylthiazole,5-Ethyl-2-methylthiazole,CCC1=CN=C(S1)C
unimol_5_hexen_1_ol,5-Hexen-1-ol,C=CCCCCO
unimol_5_hydroxy_1_4_hydroxy_3_methoxyphenyl_tetradecan_3_one,5-hydroxy-1-(4-hydroxy-3-methoxyphenyl)tetradecan-3-one,CCCCCCCCCC(CC(=O)CCC1=CC(=C(C=C1)O)OC)O
unimol_5_hydroxymethylfurfural,5-Hydroxymethylfurfural,C1=C(OC(=C1)C=O)CO
unimol_5_hydroxyoctan_4_one,5-Hydroxyoctan-4-one,CCCC(C(=O)CCC)O
unimol_5_methyl_2_phenyl_2_hexenal,5-Methyl-2-phenyl-2-hexenal,CC(C)CC=C(C=O)C1=CC=CC=C1
unimol_5_methyl_3_hexen_2_one,5-Methyl-3-Hexen-2-One,CC(C)C=CC(=O)C
unimol_5_methylfurfural,5-Methylfurfural,CC1=CC=C(O1)C=O
unimol_5_methylhexane_2_3_dione,"5-Methylhexane-2,3-dione",CC(C)CC(=O)C(=O)C
unimol_5_methylhexanoic_acid,5-Methylhexanoic Acid,CC(C)CCCC(=O)O
unimol_5_methylquinoxaline,5-Methylquinoxaline,CC1=C2C(=CC=C1)N=CC=N2
unimol_5_nonanone,5-Nonanone,CCCCC(=O)CCCC
unimol_50_69_1,50-69-1,C(C(C(C(C=O)O)O)O)O
unimol_53398_85_9,53398-85-9,CCC=CCCOC(=O)C(C)CC
unimol_55123_21_2,55123-21-2,CC(=CCCC1(C2CCC(=C)C1C2)C)C
unimol_5550_12_9,5550-12-9,C1=NC2=C(N1C3C(C(C(O3)COP(=O)([O-])[O-])O)O)NC(=NC2=O)N.[Na+].[Na+]
unimol_55896_93_0,55896-93-0,CCOC(=O)CS(=O)(=O)Cl
unimol_56424_87_4,56424-87-4,CC(C)C1=CCC(CC1)C(=O)O
unimol_57074_34_7,57074-34-7,CC1CCC(C(=O)C1)C(C)(C)SC(=O)C
unimol_58461_27_1,58461-27-1,CC(=CCC(CO)C(=C)C)C
unimol_5986_55_0,5986-55-0,CC1CCC2(C(C3CCC2(C1C3)C)(C)C)O
unimol_6_10_14_trimethylpentadecan_2_one,"6,10,14-Trimethylpentadecan-2-one",CC(C)CCCC(C)CCCC(C)CCCC(=O)C
unimol_6_10_dimethyl_2_undecanone,"6,10-Dimethyl-2-undecanone",CC(C)CCCC(C)CCCC(=O)C
unimol_6_7_dihydro_2_3_dimethyl_5h_cyclopentapyrazine,"6,7-Dihydro-2,3-Dimethyl-5H-Cyclopentapyrazine",CC1=NC2=C(CCC2)N=C1C
unimol_6_hydroxydihydrotheaspirane,6-Hydroxydihydrotheaspirane,CC1CCC2(O1)C(CCCC2(C)O)(C)C
unimol_6_isothiocyanatohex_1_ene,6-isothiocyanatohex-1-ene,C=CCCCCN=C=S
unimol_6_methyl_1_heptanol,6-Methyl-1-Heptanol,CC(C)CCCCCO
unimol_6_methyl_2_oxiran_2_yl_hept_5_en_2_ol,6-methyl-2-(oxiran-2-yl)hept-5-en-2-ol,CC(=CCCC(C)(C1CO1)O)C
unimol_6_methyl_5_hepten_2_one,6-Methyl-5-Hepten-2-One,CC(=CCCC(=O)C)C
unimol_6_methylhept_5_en_2_ol,6-Methylhept-5-en-2-ol,CC(CCC=C(C)C)O
unimol_6_methylhepta_3_5_dien_2_one,"6-Methylhepta-3,5-dien-2-one",CC(=CC=CC(=O)C)C
unimol_6_methylheptan_2_one,6-Methylheptan-2-one,CC(C)CCCC(=O)C
unimol_6_methylheptanoic_acid,6-Methylheptanoic acid,CC(C)CCCCC(=O)O
unimol_6_methylquinoline,6-Methylquinoline,CC1=CC2=C(C=C1)N=CC=C2
unimol_6_pentyl_2h_pyran_2_one,6-Pentyl-2H-pyran-2-one,CCCCCC1=CC=CC(=O)O1
unimol_6_undecanone,6-Undecanone,CCCCCC(=O)CCCCC
unimol_623_15_4,623-15-4,CC(=O)C=CC1=CC=CO1
unimol_6753_98_6,6753-98-6,CC1=CCC(C=CCC(=CCC1)C)(C)C
unimol_67860_38_2,67860-38-2,CC1=NC=CC(=N1)C(=O)C
unimol_68698_59_9,68698-59-9,CCCC=CCOC(=O)CC(C)C
unimol_698_10_2,698-10-2,CCC1C(=C(C(=O)O1)O)C
unimol_7_methoxycoumarin,7-Methoxycoumarin,COC1=CC2=C(C=C1)C=CC(=O)O2
unimol_7_methyl_4_methylidene_1_propan_2_yl_2_3_4a_5_6_8a_hexahydro_1h_naphthalene,"7-methyl-4-methylidene-1-propan-2-yl-2,3,4a,5,6,8a-hexahydro-1H-naphthalene",CC1=CC2C(CC1)C(=C)CCC2C(C)C
unimol_7_methyloct_3_en_2_one,7-Methyloct-3-en-2-one,CC(C)CCC=CC(=O)C
unimol_7_octen_2_one,7-Octen-2-One,CC(=O)CCCCC=C
unimol_7785_70_8,7785-70-8,CC1=CCC2CC1C2(C)C
unimol_8_nonen_2_one,8-Nonen-2-one,CC(=O)CCCCCC=C
unimol_80_71_7,80-71-7,CC1=C(C(=O)CC1)O
unimol_80417_97_6,80417-97-6,CC1CCC2=C(C(=O)OC2=C1)C
unimol_81925_81_7,81925-81-7,CCC(C)C(=O)C=CC
unimol_84254_89_7,84254-89-7,CC=C(C)C(=O)OCCC(C)CCC=C(C)C
unimol_87_91_2,87-91-2,CCOC(=O)C(C(C(=O)OCC)O)O
unimol_9_12_octadecadienal,"9,12-Octadecadienal",CCCCCC=CCC=CCCCCCCCC=O
unimol_9_decenal,9-Decenal,C=CCCCCCCCC=O
unimol_9_decenoic_acid,9-Decenoic acid,C=CCCCCCCCC(=O)O
unimol_9_octadecenal_9e,"9-Octadecenal, (9E)-",CCCCCCCCC=CCCCCCCCC=O
unimol_99583_29_6,99583-29-6,CC(=O)C1CCC=N1
unimol_ac1l9cnw,AC1L9CNW,CC1=CCC2C3C1C2(CCC3C(C)C)C
unimol_ac1lcv7p,AC1LCV7P,C=CC(CC(=NOS(=O)(=O)[O-])SC1C(C(C(C(O1)CO)O)O)O)O
unimol_ac1ldi49,AC1LDI49,CC1C2CCC3(C=CC(=O)C(=C3C2OC1=O)C)C
unimol_ac1nst8q,AC1NST8Q,CC1=CC2C(CCC(C2CC1)(C)O)C(C)C
unimol_ac1nswdq,AC1NSWDQ,CC1=CCCC2(C(O2)CC(C=CC1)(C)C)C
unimol_acetal,Acetal,CCOC(C)OCC
unimol_acetaldehyde,acetaldehyde,CC=O
unimol_acetaldehyde_ethyl_cis_3_hexenyl_acetal,Acetaldehyde ethyl cis-3-hexenyl acetal,CCC=CCCOC(C)OCC
unimol_acetamide,acetamide,CC(=O)N
unimol_acetic_acid,acetic acid,CC(=O)O
unimol_acetic_anhydride,Acetic Anhydride,CC(=O)OC(=O)C
unimol_acetoin,acetoin,CC(C(=O)C)O
unimol_acetone,acetone,CC(=O)C
unimol_acetophenone,Acetophenone,CC(=O)C1=CC=CC=C1
unimol_acetovanillone,Acetovanillone,CC(=O)C1=CC(=C(C=C1)O)OC
unimol_acetoxyacetone,Acetoxyacetone,CC(=O)COC(=O)C
unimol_acetoyl_butyrate,Acetoyl butyrate,CCCC(=O)OC(C)C(=O)C
unimol_acetyl_isobutyryl,Acetyl isobutyryl,CC(C)C(=O)C(=O)C
unimol_acetyleugenol,Acetyleugenol,CC(=O)OC1=C(C=C(C=C1)CC=C)OC
unimol_acetylpyrazine,Acetylpyrazine,CC(=O)C1=NC=CN=C1
unimol_acetylvalerenolic_acid,Acetylvalerenolic acid,CC1CCC(C2=C(CC(C12)OC(=O)C)C)C=C(C)C(=O)O
unimol_aconitic_acid,Aconitic Acid,C(C(=CC(=O)O)C(=O)O)C(=O)O
unimol_acrolein,Acrolein,C=CC=O
unimol_adipic_acid,adipic acid,C(CCC(=O)O)CC(=O)O
unimol_agarospirol,Agarospirol,CC1CCC=C(C12CCC(C2)C(C)(C)O)C
unimol_allene,Allene,C=C=C
unimol_alloocimene,Alloocimene,CC=C(C)C=CC=C(C)C
unimol_allyl_2_furoate,Allyl 2-furoate,C=CCOC(=O)C1=CC=CO1
unimol_allyl_alcohol,Allyl Alcohol,C=CCO
unimol_allyl_crotonate,Allyl crotonate,CC=CC(=O)OCC=C
unimol_allyl_hexanoate,Allyl hexanoate,CCCCCC(=O)OCC=C
unimol_allyl_isothiocyanate,Allyl Isothiocyanate,C=CCN=C=S
unimol_allyl_mercaptan,Allyl Mercaptan,C=CCS
unimol_allyl_methyl_disulfide,Allyl Methyl Disulfide,CSSCC=C
unimol_allyl_methyl_sulfide,Allyl methyl sulfide,CSCC=C
unimol_allyl_methyl_trisulfide,Allyl Methyl Trisulfide,CSSSCC=C
unimol_allyl_propyl_disulfide,Allyl Propyl Disulfide,CCCSSCC=C
unimol_allyl_propyl_sulfide,Allyl propyl sulfide,CCCSCC=C
unimol_allyl_radical,Allyl radical,C=C[CH2]
unimol_allyl_thiocyanate,Allyl thiocyanate,C=CCSC#N
unimol_allyldimethylsilane,Allyldimethylsilane,C[Si](C)CC=C
unimol_alpha_angelica_lactone,alpha-Angelica lactone,CC1=CCC(=O)O1
unimol_alpha_asarone,alpha-Asarone,CC=CC1=CC(=C(C=C1OC)OC)OC
unimol_alpha_bergamotene,alpha-Bergamotene,CC1=CCC2CC1C2(C)CCC=C(C)C
unimol_alpha_bisabolene,alpha-Bisabolene,CC1=CCC(CC1)C(=CCC=C(C)C)C
unimol_alpha_cadinene,alpha-Cadinene,CC1=CC2C(CC1)C(=CCC2C(C)C)C
unimol_alpha_cadinol,alpha-Cadinol,CC1=CC2C(CCC(C2CC1)(C)O)C(C)C
unimol_alpha_calacorene_2,alpha-Calacorene,CC1=CCC(C2=C1C=CC(=C2)C)C(C)C
unimol_alpha_damascone,alpha-Damascone,CC=CC(=O)C1C(=CCCC1(C)C)C
unimol_alpha_eudesmol,alpha-Eudesmol,CC1=CCCC2(C1CC(CC2)C(C)(C)O)C
unimol_alpha_farnesene,alpha-Farnesene,CC(=CCCC(=CCC=C(C)C=C)C)C
unimol_alpha_fenchene,alpha-Fenchene,CC1(C2CCC1C(=C)C2)C
unimol_alpha_ionol,alpha-Ionol,CC1=CCCC(C1C=CC(C)O)(C)C
unimol_alpha_ionone,Alpha-Ionone,CC1=CCCC(C1C=CC(=O)C)(C)C
unimol_alpha_irone,alpha-Irone,CC1CC=C(C(C1(C)C)C=CC(=O)C)C
unimol_alpha_l_sorbopyranose,alpha-L-Sorbopyranose,C1C(C(C(C(O1)(CO)O)O)O)O
unimol_alpha_maltose,alpha-Maltose,C(C1C(C(C(C(O1)OC2C(OC(C(C2O)O)O)CO)O)O)O)O
unimol_alpha_methyl_cinnamaldehyde,alpha-Methyl cinnamaldehyde,CC(=CC1=CC=CC=C1)C=O
unimol_alpha_methylcinnamaldehyde,Alpha-Methylcinnamaldehyde,CC(=CC1=CC=CC=C1)C=O
unimol_alpha_muurolene,alpha-Muurolene,CC1=CC2C(CC1)C(=CCC2C(C)C)C
unimol_alpha_phellandrene_2,Alpha-Phellandrene,CC1=CCC(C=C1)C(C)C
unimol_alpha_pinene_2,Alpha-Pinene,CC1=CCC2CC1C2(C)C
unimol_alpha_selinene,Alpha-Selinene,CC1=CCCC2(C1CC(CC2)C(=C)C)C
unimol_alpha_sinensal,Alpha-Sinensal,CC(=CCC=C(C)C=C)CCC=C(C)C=O
unimol_alpha_terpinene,Alpha-Terpinene,CC1=CC=C(CC1)C(C)C
unimol_alpha_terpineol_3,alpha-TERPINEOL,CC1=CCC(CC1)C(C)(C)O
unimol_alpha_terpinyl_acetate,Alpha-Terpinyl Acetate,CC1=CCC(CC1)C(C)(C)OC(=O)C
unimol_alpha_terpinyl_butyrate,alpha-Terpinyl butyrate,CCCC(=O)OC(C)(C)C1CCC(=CC1)C
unimol_alpha_thujone,alpha-Thujone,CC1C2CC2(CC1=O)C(C)C
unimol_amyl_acetate,Amyl acetate,CCCCCOC(=O)C
unimol_amyl_octanoate,Amyl octanoate,CCCCCCCC(=O)OCCCCC
unimol_amylamine,Amylamine,CCCCCN
unimol_andrographolide,Andrographolide,CC12CCC(C(C1CCC(=C)C2CC=C3C(COC3=O)O)(C)CO)O
unimol_angelaldehyde,Angelaldehyde,CC=C(C)C=O
unimol_angelic_acid,Angelic acid,CC=C(C)C(=O)O
unimol_angelic_acid_isobutyl_ester,Angelic Acid Isobutyl Ester,CC=C(C)C(=O)OCC(C)C
unimol_anisole,Anisole,COC1=CC=CC=C1
unimol_anthracene,Anthracene,C1=CC=C2C=C3C=CC=CC3=CC2=C1
unimol_apigenin,apigenin,C1=CC(=CC=C1C2=CC(=O)C3=C(C=C(C=C3O2)O)O)O
unimol_apiole,Apiole,COC1=C2C(=C(C(=C1)CC=C)OC)OCO2
unimol_arbutin,arbutin,C1=CC(=CC=C1O)OC2C(C(C(C(O2)CO)O)O)O
unimol_aromadendrene,Aromadendrene,CC1CCC2C1C3C(C3(C)C)CCC2=C
unimol_artemisia_ketone,Artemisia ketone,CC(=CC(=O)C(C)(C)C=C)C
unimol_artemorin,Artemorin,CC1=CC2C(CCC(=C)C(CC1)O)C(=C)C(=O)O2
unimol_azepan_2_one,azepan-2-one,C1CCC(=O)NCC1
unimol_azulene_1_2_3_4_5_6_7_8_octahydro_1_4_dimethyl_7_1_methylethenyl_1s_4s_7r,"Azulene, 1,2,3,4,5,6,7,8-octahydro-1,4-dimethyl-7-(1-methylethenyl)-, (1S,4S,7R)-",CC1CCC(CC2=C1CCC2C)C(=C)C
unimol_benzalacetone,Benzalacetone,CC(=O)C=CC1=CC=CC=C1
unimol_benzaldehyde,benzaldehyde,C1=CC=C(C=C1)C=O
unimol_benzaldehyde_dimethyl_acetal,Benzaldehyde dimethyl acetal,COC(C1=CC=CC=C1)OC
unimol_benzenethiol,Benzenethiol,C1=CC=C(C=C1)S
unimol_benzoic_acid,benzoic acid,C1=CC=C(C=C1)C(=O)O
unimol_benzophenone,Benzophenone,C1=CC=C(C=C1)C(=O)C2=CC=CC=C2
unimol_benzothiazole,Benzothiazole,C1=CC=C2C(=C1)N=CS2
unimol_benzyl_3_oxobutanoate,Benzyl 3-oxobutanoate,CC(=O)CC(=O)OCC1=CC=CC=C1
unimol_benzyl_acetate,Benzyl Acetate,CC(=O)OCC1=CC=CC=C1
unimol_benzyl_alcohol,benzyl alcohol,C1=CC=C(C=C1)CO
unimol_benzyl_benzoate,Benzyl Benzoate,C1=CC=C(C=C1)COC(=O)C2=CC=CC=C2
unimol_benzyl_butyl_ether,Benzyl butyl ether,CCCCOCC1=CC=CC=C1
unimol_benzyl_butyrate,Benzyl butyrate,CCCC(=O)OCC1=CC=CC=C1
unimol_benzyl_ether,Benzyl ether,C1=CC=C(C=C1)COCC2=CC=CC=C2
unimol_benzyl_formate,Benzyl formate,C1=CC=C(C=C1)COC=O
unimol_benzyl_hexanoate,Benzyl Hexanoate,CCCCCC(=O)OCC1=CC=CC=C1
unimol_benzyl_isobutyrate,Benzyl isobutyrate,CC(C)C(=O)OCC1=CC=CC=C1
unimol_benzyl_isothiocyanate,benzyl isothiocyanate,C1=CC=C(C=C1)CN=C=S
unimol_benzyl_isovalerate,Benzyl isovalerate,CC(C)CC(=O)OCC1=CC=CC=C1
unimol_benzyl_mercaptan,Benzyl Mercaptan,C1=CC=C(C=C1)CS
unimol_benzyl_methyl_disulfide,Benzyl methyl disulfide,CSSCC1=CC=CC=C1
unimol_benzyl_methyl_sulfide,Benzyl methyl sulfide,CSCC1=CC=CC=C1
unimol_benzyl_propionate,Benzyl Propionate,CCC(=O)OCC1=CC=CC=C1
unimol_benzyl_salicylate,Benzyl Salicylate,C1=CC=C(C=C1)COC(=O)C2=CC=CC=C2O
unimol_benzyl_tiglate,Benzyl tiglate,CC=C(C)C(=O)OCC1=CC=CC=C1
unimol_berteroin,Berteroin,CSCCCCCN=C=S
unimol_beta_bisabolene,beta-Bisabolene,CC1=CCC(CC1)C(=C)CCC=C(C)C
unimol_beta_bisabolol,beta-Bisabolol,CC1=CCC(CC1)(C(C)CCC=C(C)C)O
unimol_beta_cadinene,Beta-Cadinene,CC1=CCC2C(C1)C(CC=C2C)C(C)C
unimol_beta_caryophyllene,Beta-Caryophyllene,CC1=CCCC(=C)C2CC(C2CC1)(C)C
unimol_beta_caryophyllene_alcohol,beta-Caryophyllene alcohol,CC1(CC2C1CCC3(CCCC2(C3)O)C)C
unimol_beta_cedrene,beta-Cedrene,CC1CCC2C13CCC(=C)C(C3)C2(C)C
unimol_beta_chamigrene,beta-Chamigrene,CC1=CCC2(CC1)C(=C)CCCC2(C)C
unimol_beta_cis_farnesene,beta-cis-farnesene,CC(=CCCC(=CCCC(=C)C=C)C)C
unimol_beta_cubebene,beta-Cubebene,CC1CCC(C2C13C2C(=C)CC3)C(C)C
unimol_beta_cyclocitral,beta-Cyclocitral,CC1=C(C(CCC1)(C)C)C=O
unimol_beta_damascone,beta-Damascone,CC=CC(=O)C1=C(CCCC1(C)C)C
unimol_beta_elemene,Beta-Elemene,CC(=C)C1CCC(C(C1)C(=C)C)(C)C=C
unimol_beta_eudesmol,beta-Eudesmol,CC12CCCC(=C)C1CC(CC2)C(C)(C)O
unimol_beta_gurjunene,beta-Gurjunene,CC1CCC2C(C2(C)C)C3C1CCC3=C
unimol_beta_ionol,beta-Ionol,CC1=C(C(CCC1)(C)C)C=CC(C)O
unimol_beta_ionone,Beta-Ionone,CC1=C(C(CCC1)(C)C)C=CC(=O)C
unimol_beta_phellandrene,Beta-Phellandrene,CC(C)C1CCC(=C)C=C1
unimol_beta_pinene_2,Beta-Pinene,CC1(C2CCC(=C)C1C2)C
unimol_beta_santalol,beta-SANTALOL,CC(=CCCC1(C2CCC(C2)C1=C)C)CO
unimol_beta_selinene,Beta-Selinene,CC(=C)C1CCC2(CCCC(=C)C2C1)C
unimol_beta_sinensal,beta-Sinensal,CC(=CCCC(=C)C=C)CCC=C(C)C=O
unimol_beta_sitosterol,Beta-Sitosterol,CCC(CCC(C)C1CCC2C1(CCC3C2CC=C4C3(CCC(C4)O)C)C)C(C)C
unimol_beta_terpineol,Beta-Terpineol,CC(=C)C1CCC(CC1)(C)O
unimol_betaine,betaine,C[N+](C)(C)CC(=O)[O-]
unimol_bicyclo_2_2_1_heptane_2_methyl_3_methylene_2_4_methyl_3_pentenyl_1s_exo,"Bicyclo[2.2.1]heptane, 2-methyl-3-methylene-2-(4-methyl-3-pentenyl)-, (1S-exo)-",CC(=CCCC1(C2CCC(C2)C1=C)C)C
unimol_biphenyl,Biphenyl,C1=CC=C(C=C1)C2=CC=CC=C2
unimol_bis_2_methyl_3_furyl_disulfide,Bis(2-methyl-3-furyl)disulfide,CC1=C(C=CO1)SSC2=C(OC=C2)C
unimol_bis_methylthio_methane,Bis(methylthio)methane,CSCSC
unimol_bisabolene,Bisabolene,CC1=CCC(=C(C)CCC=C(C)C)CC1
unimol_bisabolol,Bisabolol,CC1=CCC(CC1)C(C)(CCC=C(C)C)O
unimol_borneol_2,Borneol,CC1(C2CCC1(C(C2)O)C)C
unimol_bornyl_acetate,Bornyl Acetate,CC(=O)OC1CC2CCC1(C2(C)C)C
unimol_bornyl_formate,Bornyl formate,CC1(C2CCC1(C(C2)OC=O)C)C
unimol_bornyl_isovalerate,Bornyl Isovalerate,CC(C)CC(=O)OC1CC2CCC1(C2(C)C)C
unimol_bovolide,Bovolide,CCCCC=C1C(=C(C(=O)O1)C)C
unimol_butein,butein,C1=CC(=C(C=C1C=CC(=O)C2=C(C=C(C=C2)O)O)O)O
unimol_butyl_2_methylbutyrate,Butyl 2-methylbutyrate,CCCCOC(=O)C(C)CC
unimol_butyl_acetate,Butyl acetate,CCCCOC(=O)C
unimol_butyl_angelate,Butyl angelate,CCCCOC(=O)C(=CC)C
unimol_butyl_anthranilate,Butyl Anthranilate,CCCCOC(=O)C1=CC=CC=C1N
unimol_butyl_benzoate,Butyl Benzoate,CCCCOC(=O)C1=CC=CC=C1
unimol_butyl_butyrate,Butyl butyrate,CCCCOC(=O)CCC
unimol_butyl_ethyl_disulfide,Butyl ethyl disulfide,CCCCSSCC
unimol_butyl_formate,Butyl Formate,CCCCOC=O
unimol_butyl_heptanoate,Butyl Heptanoate,CCCCCCC(=O)OCCCC
unimol_butyl_hexanoate,Butyl hexanoate,CCCCCC(=O)OCCCC
unimol_butyl_isobutyrate,Butyl isobutyrate,CCCCOC(=O)C(C)C
unimol_butyl_isothiocyanate,Butyl isothiocyanate,CCCCN=C=S
unimol_butyl_isovalerate,Butyl Isovalerate,CCCCOC(=O)CC(C)C
unimol_butyl_lactate,Butyl Lactate,CCCCOC(=O)C(C)O
unimol_butyl_laurate,Butyl laurate,CCCCCCCCCCCC(=O)OCCCC
unimol_butyl_pentanoate,Butyl pentanoate,CCCCC(=O)OCCCC
unimol_butyl_phenylacetate,Butyl phenylacetate,CCCCOC(=O)CC1=CC=CC=C1
unimol_butyl_propionate,Butyl propionate,CCCCOC(=O)CC
unimol_butyl_propyl_disulfide,Butyl propyl disulfide,CCCCSSCCC
unimol_butyl_salicylate,Butyl salicylate,CCCCOC(=O)C1=CC=CC=C1O
unimol_butyl_stearate,Butyl Stearate,CCCCCCCCCCCCCCCCCC(=O)OCCCC
unimol_butylamine,Butylamine,CCCCN
unimol_butylidenephthalide,Butylidenephthalide,CCCC=C1C2=CC=CC=C2C(=O)O1
unimol_butylphthalide,Butylphthalide,CCCCC1C2=CC=CC=C2C(=O)O1
unimol_butyraldehyde,butyraldehyde,CCCC=O
unimol_butyric_acid,butyric acid,CCCC(=O)O
unimol_cadalene,Cadalene,CC1=CC2=C(C=CC(=C2C=C1)C)C(C)C
unimol_caffeine,caffeine,CN1C=NC2=C1C(=O)N(C(=O)N2C)C
unimol_caftaric_acid,caftaric acid,C1=CC(=C(C=C1C=CC(=O)OC(C(C(=O)O)O)C(=O)O)O)O
unimol_calcium_iodate,Calcium Iodate,[O-]I(=O)=O.[O-]I(=O)=O.[Ca+2]
unimol_calcium_lactate,calcium lactate,CC(C(=O)[O-])O.CC(C(=O)[O-])O.[Ca+2]
unimol_calcium_oxide,Calcium Oxide,O=[Ca]
unimol_camphene_2,Camphene,CC1(C2CCC(C2)C1=C)C
unimol_campholenic_aldehyde,Campholenic aldehyde,CC1=CCC(C1(C)C)CC=O
unimol_capsaicin,Capsaicin,CC(C)C=CCCCCC(=O)NCC1=CC(=C(C=C1)O)OC
unimol_carnosol,carnosol,CC(C)C1=C(C(=C2C(=C1)C3CC4C2(CCCC4(C)C)C(=O)O3)O)O
unimol_carotol,"Carotol, (+)-",CC1=CCC2(CCC(C2(CC1)O)C(C)C)C
unimol_carvacrol,Carvacrol,CC1=C(C=C(C=C1)C(C)C)O
unimol_carvacryl_methyl_ether,Carvacryl methyl ether,CC1=C(C=C(C=C1)C(C)C)OC
unimol_carveol,Carveol,CC1=CCC(CC1O)C(=C)C
unimol_carvomenthone,Carvomenthone,CC1CCC(CC1=O)C(C)C
unimol_carvone_2,Carvone,CC1=CCC(CC1=O)C(=C)C
unimol_carvone_oxide,Carvone oxide,CC(=C)C1CC2C(O2)(C(=O)C1)C
unimol_carvyl_acetate,Carvyl Acetate,CC1=CCC(CC1OC(=O)C)C(=C)C
unimol_caryophyllene,Caryophyllene,CC1=CCCC(=C)C2CC(C2CC1)(C)C
unimol_caryophyllene_alcohol,Caryophyllene alcohol,CC1(CC2C1CCC3(CCCC2(C3)O)C)C
unimol_caryophyllene_oxide,Caryophyllene oxide,CC1(CC2C1CCC3(C(O3)CCC2=C)C)C
unimol_cedr_8_ene,Cedr-8-ene,CC1CCC2C13CC=C(C(C3)C2(C)C)C
unimol_cedrelanol,Cedrelanol,CC1=CC2C(CCC(C2CC1)(C)O)C(C)C
unimol_cedrol,Cedrol,CC1CCC2C13CCC(C(C3)C2(C)C)(C)O
unimol_celestolide,Celestolide,CC(=O)C1=CC(=CC2=C1CCC2(C)C)C(C)(C)C
unimol_chavicol,Chavicol,C=CCC1=CC=C(C=C1)O
unimol_chebi_49249,CHEBI:49249,CC1=CCC(CC1)C(=C)CCC=C(C)C
unimol_chebi_88903,CHEBI:88903,CC1(CCC(O1)C(C)(C)O)C=C
unimol_chlorobenzene,Chlorobenzene,C1=CC=C(C=C1)Cl
unimol_chrysin,chrysin,C1=CC=C(C=C1)C2=CC(=O)C3=C(C=C(C=C3O2)O)O
unimol_chrysoeriol,Chrysoeriol,COC1=C(C=CC(=C1)C2=CC(=O)C3=C(C=C(C=C3O2)O)O)O
unimol_cianidanol,Cianidanol,C1C(C(OC2=CC(=CC(=C21)O)O)C3=CC(=C(C=C3)O)O)O
unimol_cid_12305247,CID 12305247,CC1CCC2C1C3C(C3(C)C)CCC2=C
unimol_cid_21159022,CID 21159022,CC1=CCCC(=CC2C(C2(C)C)CC1)C
unimol_cid_644104,CID 644104,C(C(C1C(=O)C(=C(O1)O)O)O)O
unimol_cid_9989713,CID 9989713,CCCCCC(CC)OC(=O)C
unimol_cinchonidine,Cinchonidine,C=CC1CN2CCC1CC2C(C3=CC=NC4=CC=CC=C34)O
unimol_cinnamaldehyde,cinnamaldehyde,C1=CC=C(C=C1)C=CC=O
unimol_cinnamic_acid,Cinnamic Acid,C1=CC=C(C=C1)C=CC(=O)O
unimol_cinnamonitrile,Cinnamonitrile,C1=CC=C(C=C1)C=CC#N
unimol_cinnamyl_acetate,Cinnamyl acetate,CC(=O)OCC=CC1=CC=CC=C1
unimol_cinnamyl_alcohol,cinnamyl alcohol,C1=CC=C(C=C1)C=CCO
unimol_cirsilineol,Cirsilineol,COC1=C(C=CC(=C1)C2=CC(=O)C3=C(C(=C(C=C3O2)OC)OC)O)O
unimol_cis_1_4_dimethylcyclohexane,"cis-1,4-Dimethylcyclohexane",CC1CCC(CC1)C
unimol_cis_2_hexen_1_ol,cis-2-Hexen-1-ol,CCCC=CCO
unimol_cis_2_nonen_1_ol,cis-2-Nonen-1-ol,CCCCCCC=CCO
unimol_cis_2_nonenal,cis-2-Nonenal,CCCCCCC=CC=O
unimol_cis_2_penten_1_ol,cis-2-Penten-1-ol,CCC=CCO
unimol_cis_3_hexenal,cis-3-Hexenal,CCC=CCC=O
unimol_cis_3_hexenyl_acetate,cis-3-Hexenyl acetate,CCC=CCCOC(=O)C
unimol_cis_3_hexenyl_benzoate,cis-3-Hexenyl benzoate,CCC=CCCOC(=O)C1=CC=CC=C1
unimol_cis_3_hexenyl_crotonate,cis-3-Hexenyl crotonate,CCC=CCCOC(=O)C=CC
unimol_cis_3_hexenyl_formate,cis-3-Hexenyl formate,CCC=CCCOC=O
unimol_cis_3_hexenyl_hexanoate,cis-3-Hexenyl hexanoate,CCCCCC(=O)OCCC=CCC
unimol_cis_3_hexenyl_isovalerate,cis-3-Hexenyl isovalerate,CCC=CCCOC(=O)CC(C)C
unimol_cis_3_hexenyl_lactate,cis-3-Hexenyl lactate,CCC=CCCOC(=O)C(C)O
unimol_cis_3_hexenyl_pentanoate,cis-3-Hexenyl pentanoate,CCCCC(=O)OCCC=CCC
unimol_cis_3_hexenyl_phenylacetate,cis-3-Hexenyl phenylacetate,CCC=CCCOC(=O)CC1=CC=CC=C1
unimol_cis_3_hexenyl_propionate,cis-3-Hexenyl propionate,CCC=CCCOC(=O)CC
unimol_cis_3_hexenyl_pyruvate,cis-3-Hexenyl pyruvate,CCC=CCCOC(=O)C(=O)C
unimol_cis_3_nonen_1_ol,cis-3-Nonen-1-ol,CCCCCC=CCCO
unimol_cis_3_octen_1_ol,cis-3-Octen-1-ol,CCCCC=CCCO
unimol_cis_4_heptenal,cis-4-Heptenal,CCC=CCCC=O
unimol_cis_5_octen_1_ol,cis-5-Octen-1-ol,CCC=CCCCCO
unimol_cis_6_nonen_1_ol,cis-6-Nonen-1-ol,CCC=CCCCCCO
unimol_cis_6_nonenal,cis-6-Nonenal,CCC=CCCCCC=O
unimol_cis_aconitic_acid,cis-Aconitic acid,C(C(=CC(=O)O)C(=O)O)C(=O)O
unimol_cis_anethole,cis-Anethole,CC=CC1=CC=C(C=C1)OC
unimol_cis_carvyl_acetate,cis-Carvyl acetate,CC1=CCC(CC1OC(=O)C)C(=C)C
unimol_cis_cinnamaldehyde,cis-Cinnamaldehyde,C1=CC=C(C=C1)C=CC=O
unimol_cis_cinnamic_acid,cis-Cinnamic acid,C1=CC=C(C=C1)C=CC(=O)O
unimol_cis_crotonaldehyde,cis-Crotonaldehyde,CC=CC=O
unimol_cis_isoeugenol,cis-Isoeugenol,CC=CC1=CC(=C(C=C1)O)OC
unimol_cis_jasmone,cis-Jasmone,CCC=CCC1=C(CCC1=O)C
unimol_cis_limonene_1_2_oxide,"cis-limonene 1,2 oxide",CCCC(CCC(C)OC)C(C)C
unimol_cis_methylisoeugenol,cis-Methylisoeugenol,CC=CC1=CC(=C(C=C1)OC)OC
unimol_cis_phytol,cis-Phytol,CC(C)CCCC(C)CCCC(C)CCCC(=CCO)C
unimol_citral,Citral,CC(=CCCC(=CC=O)C)C
unimol_citric_acid,citric acid,C(C(=O)O)C(CC(=O)O)(C(=O)O)O
unimol_citronellal,Citronellal,CC(CCC=C(C)C)CC=O
unimol_citronellic_acid,Citronellic acid,CC(CCC=C(C)C)CC(=O)O
unimol_citronellol,Citronellol,CC(CCC=C(C)C)CCO
unimol_citronellyl_acetate,Citronellyl acetate,CC(CCC=C(C)C)CCOC(=O)C
unimol_citronellyl_butyrate,Citronellyl butyrate,CCCC(=O)OCCC(C)CCC=C(C)C
unimol_citronellyl_formate,Citronellyl formate,CC(CCC=C(C)C)CCOC=O
unimol_citronellyl_isobutyrate,Citronellyl isobutyrate,CC(C)C(=O)OCCC(C)CCC=C(C)C
unimol_citronellyl_propionate,Citronellyl propionate,CCC(=O)OCCC(C)CCC=C(C)C
unimol_citronellyl_valerate,Citronellyl Valerate,CCCCC(=O)OCCC(C)CCC=C(C)C
unimol_clove_oil,Clove Oil,COC(=O)C(CC1=CN=CN1)N.Cl
unimol_coumarin,coumarin,C1=CC=C2C(=C1)C=CC(=O)O2
unimol_coumestrol,Coumestrol,C1=CC2=C(C=C1O)OC3=C2C(=O)OC4=C3C=CC(=C4)O
unimol_crotonaldehyde,Crotonaldehyde,CC=CC=O
unimol_crypton,Crypton,CC(C)C1CCC(=O)C=C1
unimol_cubenol,Cubenol,CC1CCC(C2C1(CCC(=C2)C)O)C(C)C
unimol_cucurbitacine_e,Cucurbitacine E,CC(=O)OC(C)(C)C=CC(=O)C(C)(C1C(CC2(C1(CC(=O)C3(C2CC=C4C3C=C(C(=O)C4(C)C)O)C)C)C)O)O
unimol_curcumene,Curcumene,CC1=CC=C(C=C1)C(C)CCC=C(C)C
unimol_curcumenol,Curcumenol,CC1CCC2C13CC(=C(C)C)C(O3)(C=C2C)O
unimol_cyclohexanol,Cyclohexanol,C1CCC(CC1)O
unimol_cyclohexanone,Cyclohexanone,C1CCC(=O)CC1
unimol_cyclohexene_4_ethenyl_4_methyl_3_1_methylethenyl_1_1_methylethyl_3r_trans,"Cyclohexene, 4-ethenyl-4-methyl-3-(1-methylethenyl)-1-(1-methylethyl)-, (3R-trans)-",CC(C)C1=CC(C(CC1)(C)C=C)C(=C)C
unimol_cyclohexyl_acetate,Cyclohexyl Acetate,CC(=O)OC1CCCCC1
unimol_cyclohexyl_butyrate,Cyclohexyl butyrate,CCCC(=O)OC1CCCCC1
unimol_cyclohexylmethanol,Cyclohexylmethanol,C1CCC(CC1)CO
unimol_cycloionone,Cycloionone,CC1=CC=C2C(CCCC2(O1)C)(C)C
unimol_cyclopentanone,Cyclopentanone,C1CCC(=O)C1
unimol_d_camphor,D-Camphor,CC1(C2CCC1(C(=O)C2)C)C
unimol_d_carvone,d-Carvone,CC1=CCC(CC1=O)C(=C)C
unimol_d_dihydrocarvone,d-Dihydrocarvone,CC1CCC(CC1=O)C(=C)C
unimol_d_fenchone,D-Fenchone,CC1(C2CCC(C2)(C1=O)C)C
unimol_d_isoleucine_methyl_ester_hydrochloride,D-Isoleucine Methyl Ester Hydrochloride,CCC(C)C(C(=O)OC)N.Cl
unimol_d_lactic_acid,D-Lactic acid,CC(C(=O)O)O
unimol_d_limonene,D-Limonene,CC1=CCC(CC1)C(=C)C
unimol_d_mannitol,D-mannitol,C(C(C(C(C(CO)O)O)O)O)O
unimol_d_piperitone,d-Piperitone,CC1=CC(=O)C(CC1)C(C)C
unimol_d_sorbitol,D-Sorbitol,C(C(C(C(C(CO)O)O)O)O)O
unimol_daidzein,daidzein,C1=CC(=CC=C1C2=COC3=C(C2=O)C=CC(=C3)O)O
unimol_daidzin,Daidzin,C1=CC(=CC=C1C2=COC3=C(C2=O)C=CC(=C3)OC4C(C(C(C(O4)CO)O)O)O)O
unimol_damascenone,Damascenone,CC=CC(=O)C1=C(C=CCC1(C)C)C
unimol_daucosterol,Daucosterol,CCC(CCC(C)C1CCC2C1(CCC3C2CC=C4C3(CCC(C4)OC5C(C(C(C(O5)CO)O)O)O)C)C)C(C)C
unimol_dec_4_enal,Dec-4-enal,CCCCCC=CCCC=O
unimol_decanal,Decanal,CCCCCCCCCC=O
unimol_decane,Decane,CCCCCCCCCC
unimol_decanoic_acid,Decanoic acid,CCCCCCCCCC(=O)O
unimol_decyl_acetate,Decyl Acetate,CCCCCCCCCCOC(=O)C
unimol_decyl_butyrate,Decyl butyrate,CCCCCCCCCCOC(=O)CCC
unimol_dehydrodihydroionone,Dehydrodihydroionone,CC1=C(C(CC=C1)(C)C)CCC(=O)C
unimol_delta_decalactone,Delta-Decalactone,CCCCCC1CCCC(=O)O1
unimol_delta_dodecalactone,Delta-Dodecalactone,CCCCCCCC1CCCC(=O)O1
unimol_delta_hexalactone,delta-Hexalactone,CC1CCCC(=O)O1
unimol_delta_nonalactone,Delta-Nonalactone,CCCCC1CCCC(=O)O1
unimol_delta_octanolactone,delta-Octanolactone,CCCC1CCCC(=O)O1
unimol_delta_tetradecalactone,delta-Tetradecalactone,CCCCCCCCCC1CCCC(=O)O1
unimol_delta_undecalactone,delta-Undecalactone,CCCCCCC1CCCC(=O)O1
unimol_diacetone_alcohol,Diacetone alcohol,CC(=O)CC(C)(C)O
unimol_diallyl_disulfide,Diallyl Disulfide,C=CCSSCC=C
unimol_diallyl_sulfide,Diallyl Sulfide,C=CCSCC=C
unimol_diallyl_tetrasulfide,Diallyl tetrasulfide,C=CCSSSSCC=C
unimol_diallyl_trisulfide,Diallyl trisulfide,C=CCSSSCC=C
unimol_dibutyl_phthalate,dibutyl phthalate,CCCCOC(=O)C1=CC=CC=C1C(=O)OCCCC
unimol_dibutyl_sulfide,Dibutyl sulfide,CCCCSCCCC
unimol_dichloromethane,Dichloromethane,C(Cl)Cl
unimol_dicyclohexyl_ketone,Dicyclohexyl ketone,C1CCC(CC1)C(=O)C2CCCCC2
unimol_diethyl_disulfide,Diethyl Disulfide,CCSSCC
unimol_diethyl_malate,Diethyl Malate,CCOC(=O)CC(C(=O)OCC)O
unimol_diethyl_malonate,Diethyl Malonate,CCOC(=O)CC(=O)OCC
unimol_diethyl_phthalate,Diethyl Phthalate,CCOC(=O)C1=CC=CC=C1C(=O)OCC
unimol_diethyl_succinate,Diethyl Succinate,CCOC(=O)CCC(=O)OCC
unimol_diethyl_sulfide,Diethyl sulfide,CCSCC
unimol_diethylamine,Diethylamine,CCNCC
unimol_difurfuryl_disulfide,Difurfuryl Disulfide,C1=COC(=C1)CSSCC2=CC=CO2
unimol_difurfuryl_ether,Difurfuryl ether,C1=COC(=C1)COCC2=CC=CO2
unimol_difurfuryl_sulfide,Difurfuryl sulfide,C1=COC(=C1)CSCC2=CC=CO2
unimol_dihydro_alpha_ionone,Dihydro-alpha-ionone,CC1=CCCC(C1CCC(=O)C)(C)C
unimol_dihydro_beta_ionol,Dihydro-beta-ionol,CC1=C(C(CCC1)(C)C)CCC(C)O
unimol_dihydro_beta_ionone,Dihydro-beta-ionone,CC1=C(C(CCC1)(C)C)CCC(=O)C
unimol_dihydrocarveol_2,Dihydrocarveol,CC1CCC(CC1O)C(=C)C
unimol_dihydrocarvone,Dihydrocarvone,CC1CCC(CC1=O)C(=C)C
unimol_dihydrocarvyl_acetate,Dihydrocarvyl acetate,CC1CCC(CC1OC(=O)C)C(=C)C
unimol_dihydrocoumarin,dihydrocoumarin,C1CC(=O)OC2=CC=CC=C21
unimol_dihydrojasmone,Dihydrojasmone,CCCCCC1=C(CCC1=O)C
unimol_diisobutyl_phthalate,Diisobutyl Phthalate,CC(C)COC(=O)C1=CC=CC=C1C(=O)OCC(C)C
unimol_diisooctyl_phthalate,Diisooctyl phthalate,CC(C)CCCCCOC(=O)C1=CC=CC=C1C(=O)OCCCCCC(C)C
unimol_diisopropyl_disulfide,Diisopropyl disulfide,CC(C)SSC(C)C
unimol_diisopropyl_trisulfide,Diisopropyl trisulfide,CC(C)SSSC(C)C
unimol_dill_ether,Dill ether,CC1COC2C1CCC(=C2)C
unimol_dillapiole,Dillapiole,COC1=C(C2=C(C=C1CC=C)OCO2)OC
unimol_dimethyl_disulfide,Dimethyl disulfide,CSSC
unimol_dimethyl_malonate,Dimethyl malonate,COC(=O)CC(=O)OC
unimol_dimethyl_succinate,Dimethyl Succinate,COC(=O)CCC(=O)OC
unimol_dimethyl_sulfide,dimethyl sulfide,CSC
unimol_dimethyl_sulfone,Dimethyl sulfone,CS(=O)(=O)C
unimol_dimethyl_sulfoxide,dimethyl sulfoxide,CS(=O)C
unimol_dimethyl_trisulfide,Dimethyl trisulfide,CSSSC
unimol_dimethylamine,dimethylamine,CNC
unimol_dimethylmalonic_acid,Dimethylmalonic Acid,CC(C)(C(=O)O)C(=O)O
unimol_diosphenol,Diosphenol,CC1=C(C(=O)C(CC1)C(C)C)O
unimol_dipentene,Dipentene,CC1=CCC(CC1)C(=C)C
unimol_diphenyl_oxide,Diphenyl oxide,C1=CC=C(C=C1)OC2=CC=CC=C2
unimol_dipropyl_disulfide,Dipropyl disulfide,CCCSSCCC
unimol_dipropyl_trisulfide,Dipropyl trisulfide,CCCSSSCCC
unimol_disodium_5_inosinate,Disodium 5'-inosinate,C1=NC(=O)C2=C(N1)N(C=N2)C3C(C(C(O3)COP(=O)([O-])[O-])O)O.[Na+].[Na+]
unimol_disulfide_1_methylpropyl_propyl,"Disulfide, 1-methylpropyl propyl",CCCSSC(C)CC
unimol_disulfide_methyl_1_propenyl,"Disulfide, methyl 1-propenyl",CC=CSSC
unimol_dl_alanine,Dl-Alanine,CC(C(=O)O)N
unimol_dl_codamine,dl-Codamine,CN1CCC2=CC(=C(C=C2C1CC3=CC(=C(C=C3)OC)OC)O)OC
unimol_dl_liquiritigenin,DL-Liquiritigenin,C1C(OC2=C(C1=O)C=CC(=C2)O)C3=CC=C(C=C3)O
unimol_dl_methionine,Dl-Methionine,CSCCC(C(=O)O)N
unimol_dl_phenylalanine,Dl-Phenylalanine,C1=CC=C(C=C1)CC(C(=O)O)N
unimol_dl_tartaric_acid,DL-Tartaric acid,C(C(C(=O)O)O)(C(=O)O)O
unimol_dl_valine,DL-Valine,CC(C)C(C(=O)O)N
unimol_docosane,Docosane,CCCCCCCCCCCCCCCCCCCCCC
unimol_dodecanal,Dodecanal,CCCCCCCCCCCC=O
unimol_dodecane,Dodecane,CCCCCCCCCCCC
unimol_dodecyl_acetate,Dodecyl Acetate,CCCCCCCCCCCCOC(=O)C
unimol_dodecylbenzene,Dodecylbenzene,CCCCCCCCCCCCC1=CC=CC=C1
unimol_eicosane,Eicosane,CCCCCCCCCCCCCCCCCCCC
unimol_elaidic_acid,Elaidic acid,CCCCCCCCC=CCCCCCCCC(=O)O
unimol_elemicin,Elemicin,COC1=CC(=CC(=C1OC)OC)CC=C
unimol_elemol,Elemol,CC(=C)C1CC(CCC1(C)C=C)C(C)(C)O
unimol_epoxylinalool,Epoxylinalool,CC1(CCC(O1)C(C)(C)O)C=C
unimol_erucin,Erucin,CSCCCCN=C=S
unimol_erythritol,Erythritol,C(C(C(CO)O)O)O
unimol_estragole,Estragole,COC1=CC=C(C=C1)CC=C
unimol_ethanamine,Ethanamine,CCN
unimol_ethanethiol,Ethanethiol,CCS
unimol_ethanol,ethanol,CCO
unimol_ethyl_methylthio_acetate,Ethyl (methylthio)acetate,CCOC(=O)CSC
unimol_ethyl_z_hex_3_enoate,Ethyl (Z)hex-3-enoate,CCC=CCC(=O)OCC
unimol_ethyl_10_undecenoate,Ethyl 10-Undecenoate,CCOC(=O)CCCCCCCCC=C
unimol_ethyl_2_aminobenzoate,Ethyl 2-aminobenzoate,CCOC(=O)C1=CC=CC=C1N
unimol_ethyl_2_hydroxy_3_methylvalerate,Ethyl 2-Hydroxy-3-Methylvalerate,CCC(C)C(C(=O)OCC)O
unimol_ethyl_2_methylbutyrate,Ethyl 2-methylbutyrate,CCC(C)C(=O)OCC
unimol_ethyl_2_octenoate,Ethyl 2-octenoate,CCCCCC=CC(=O)OCC
unimol_ethyl_3_2_furyl_propionate,Ethyl 3-(2-furyl)propionate,CCOC(=O)CCC1=CC=CO1
unimol_ethyl_3_methylthio_propionate,Ethyl 3-(methylthio)propionate,CCOC(=O)CCSC
unimol_ethyl_3_acetoxy_2_methylbutanoate,ethyl 3-acetoxy-2-methylbutanoate,CCOC(=O)C(C)C(C)OC(=O)C
unimol_ethyl_3_hexenoate,Ethyl 3-Hexenoate,CCC=CCC(=O)OCC
unimol_ethyl_3_hydroxybutyrate,Ethyl 3-hydroxybutyrate,CCOC(=O)CC(C)O
unimol_ethyl_3_hydroxyhexanoate,Ethyl 3-hydroxyhexanoate,CCCC(CC(=O)OCC)O
unimol_ethyl_3_methylpentanoate,Ethyl 3-methylpentanoate,CCC(C)CC(=O)OCC
unimol_ethyl_3_phenylpropionate,Ethyl 3-phenylpropionate,CCOC(=O)CCC1=CC=CC=C1
unimol_ethyl_4_methylthio_butyrate,Ethyl 4-(methylthio)butyrate,CCOC(=O)CCCSC
unimol_ethyl_4_methoxybenzoate,Ethyl 4-methoxybenzoate,CCOC(=O)C1=CC=C(C=C1)OC
unimol_ethyl_5_hexenoate,Ethyl 5-hexenoate,CCOC(=O)CCCC=C
unimol_ethyl_acetate,Ethyl Acetate,CCOC(=O)C
unimol_ethyl_acetoacetate,ethyl acetoacetate,CCOC(=O)CC(=O)C
unimol_ethyl_acrylate,Ethyl Acrylate,CCOC(=O)C=C
unimol_ethyl_arachidonate,Ethyl arachidonate,CCCCCC=CCC=CCC=CCC=CCCCC(=O)OCC
unimol_ethyl_benzoate,Ethyl Benzoate,CCOC(=O)C1=CC=CC=C1
unimol_ethyl_butyrate,Ethyl Butyrate,CCCC(=O)OCC
unimol_ethyl_caproate,Ethyl caproate,CCCCCC(=O)OCC
unimol_ethyl_cinnamate,Ethyl Cinnamate,CCOC(=O)C=CC1=CC=CC=C1
unimol_ethyl_cis_4_octenoate,Ethyl cis-4-octenoate,CCCC=CCCC(=O)OCC
unimol_ethyl_crotonate,Ethyl Crotonate,CCOC(=O)C=CC
unimol_ethyl_cyclohexanecarboxylate,Ethyl cyclohexanecarboxylate,CCOC(=O)C1CCCCC1
unimol_ethyl_decanoate,Ethyl Decanoate,CCCCCCCCCC(=O)OCC
unimol_ethyl_dodecanoate,Ethyl dodecanoate,CCCCCCCCCCCC(=O)OCC
unimol_ethyl_elaidate,Ethyl elaidate,CCCCCCCCC=CCCCCCCCC(=O)OCC
unimol_ethyl_formate,Ethyl Formate,CCOC=O
unimol_ethyl_heptanoate,Ethyl Heptanoate,CCCCCCC(=O)OCC
unimol_ethyl_hex_2_enoate,Ethyl hex-2-enoate,CCCC=CC(=O)OCC
unimol_ethyl_isobutyrate,Ethyl Isobutyrate,CCOC(=O)C(C)C
unimol_ethyl_isopropyl_ether,Ethyl Isopropyl Ether,CCOC(C)C
unimol_ethyl_isothiocyanate,Ethyl isothiocyanate,CCN=C=S
unimol_ethyl_isovalerate,Ethyl Isovalerate,CCOC(=O)CC(C)C
unimol_ethyl_lactate,Ethyl Lactate,CCOC(=O)C(C)O
unimol_ethyl_levulinate,Ethyl Levulinate,CCOC(=O)CCC(=O)C
unimol_ethyl_linoleate,Ethyl Linoleate,CCCCCC=CCC=CCCCCCCCC(=O)OCC
unimol_ethyl_methyl_disulfide,Ethyl methyl disulfide,CCSSC
unimol_ethyl_methyl_sulfide,Ethyl methyl sulfide,CCSC
unimol_ethyl_methyl_trisulfide,ethyl methyl trisulfide,CCSSSC
unimol_ethyl_nonanoate,Ethyl Nonanoate,CCCCCCCCC(=O)OCC
unimol_ethyl_octanoate,Ethyl Octanoate,CCCCCCCC(=O)OCC
unimol_ethyl_oleate,Ethyl oleate,CCCCCCCCC=CCCCCCCCC(=O)OCC
unimol_ethyl_palmitate,Ethyl Palmitate,CCCCCCCCCCCCCCCC(=O)OCC
unimol_ethyl_palmitoleate,Ethyl palmitoleate,CCCCCCC=CCCCCCCCC(=O)OCC
unimol_ethyl_pentanoate,Ethyl pentanoate,CCCCC(=O)OCC
unimol_ethyl_phenylacetate,Ethyl Phenylacetate,CCOC(=O)CC1=CC=CC=C1
unimol_ethyl_propionate,Ethyl Propionate,CCC(=O)OCC
unimol_ethyl_propyl_disulfide,Ethyl Propyl Disulfide,CCCSSCC
unimol_ethyl_pyruvate,Ethyl Pyruvate,CCOC(=O)C(=O)C
unimol_ethyl_salicylate,Ethyl salicylate,CCOC(=O)C1=CC=CC=C1O
unimol_ethyl_sorbate,Ethyl Sorbate,CCOC(=O)C=CC=CC
unimol_ethyl_stearate,Ethyl Stearate,CCCCCCCCCCCCCCCCCC(=O)OCC
unimol_ethyl_tetradecanoate,Ethyl tetradecanoate,CCCCCCCCCCCCCC(=O)OCC
unimol_ethyl_tiglate,Ethyl tiglate,CCOC(=O)C(=CC)C
unimol_ethyl_trans_2_decenoate,Ethyl trans-2-decenoate,CCCCCCCC=CC(=O)OCC
unimol_ethyl_trans_4_decenoate,Ethyl trans-4-decenoate,CCCCCC=CCCC(=O)OCC
unimol_ethyl_trisulfide,Ethyl trisulfide,CCSSSCC
unimol_ethyl_undecanoate,Ethyl Undecanoate,CCCCCCCCCCC(=O)OCC
unimol_ethyl_vinyl_ketone,Ethyl Vinyl Ketone,CCC(=O)C=C
unimol_ethylcyclohexane,Ethylcyclohexane,CCC1CCCCC1
unimol_eucalyptol,Eucalyptol,CC1(C2CCC(O1)(CC2)C)C
unimol_eugenol,eugenol,COC1=C(C=CC(=C1)CC=C)O
unimol_eugenyl_isovalerate,Eugenyl isovalerate,CC(C)CC(=O)OC1=C(C=C(C=C1)CC=C)OC
unimol_falcarindiol,Falcarindiol,CCCCCCCC=CC(C#CC#CC(C=C)O)O
unimol_farnesal,Farnesal,CC(=CCCC(=CCCC(=CC=O)C)C)C
unimol_farnesol,farnesol,CC(=CCCC(=CCCC(=CCO)C)C)C
unimol_farnesyl_acetate,Farnesyl acetate,CC(=CCCC(=CCCC(=CCOC(=O)C)C)C)C
unimol_farnesyl_acetone,Farnesyl acetone,CC(=CCCC(=CCCC(=CCCC(=O)C)C)C)C
unimol_farnesylacetone,Farnesylacetone,CC(=CCCC(=CCCC(=CCCC(=O)C)C)C)C
unimol_fenchol,Fenchol,CC1(C2CCC(C2)(C1O)C)C
unimol_fenchone,Fenchone,CC1(C2CCC(C2)(C1=O)C)C
unimol_fenchyl_acetate,Fenchyl acetate,CC(=O)OC1C(C2CCC1(C2)C)(C)C
unimol_fisetin,Fisetin,C1=CC(=C(C=C1C2=C(C(=O)C3=C(O2)C=C(C=C3)O)O)O)O
unimol_flavone,Flavone,C1=CC=C(C=C1)C2=CC(=O)C3=CC=CC=C3O2
unimol_formic_acid,formic acid,C(=O)O
unimol_fumaric_acid,fumaric acid,C(=CC(=O)O)C(=O)O
unimol_furan_2_ylmethyl_pentanoate,furan-2-ylmethyl pentanoate,CCCCC(=O)OCC1=CC=CO1
unimol_furfuryl_acetate,Furfuryl acetate,CC(=O)OCC1=CC=CO1
unimol_furfuryl_alcohol,Furfuryl Alcohol,C1=COC(=C1)CO
unimol_furfuryl_isovalerate,Furfuryl isovalerate,CC(C)CC(=O)OCC1=CC=CO1
unimol_furfuryl_mercaptan,Furfuryl mercaptan,C1=COC(=C1)CS
unimol_furfuryl_methyl_disulfide,Furfuryl methyl disulfide,CSSCC1=CC=CO1
unimol_furfuryl_methyl_sulfide,Furfuryl methyl sulfide,CSCC1=CC=CO1
unimol_furfuryl_propionate,Furfuryl propionate,CCC(=O)OCC1=CC=CO1
unimol_galegine_sulfate,Galegine sulfate,CC(=CCN=C(N)N)C.OS(=O)(=O)O
unimol_gallocatechin,Gallocatechin,C1C(C(OC2=CC(=CC(=C21)O)O)C3=CC(=C(C(=C3)O)O)O)O
unimol_gamma_butyrolactone,gamma-Butyrolactone,C1CC(=O)OC1
unimol_gamma_caprolactone,gamma-Caprolactone,CCC1CCC(=O)O1
unimol_gamma_decalactone,gamma-Decalactone,CCCCCCC1CCC(=O)O1
unimol_gamma_dodecalactone,gamma-Dodecalactone,CCCCCCCCC1CCC(=O)O1
unimol_gamma_eudesmol,gamma-Eudesmol,CC1=C2CC(CCC2(CCC1)C)C(C)(C)O
unimol_gamma_heptalactone,gamma-Heptalactone,CCCC1CCC(=O)O1
unimol_gamma_ionone,gamma-Ionone,CC(=O)C=CC1C(=C)CCCC1(C)C
unimol_gamma_nonanolactone,gamma-Nonanolactone,CCCCCC1CCC(=O)O1
unimol_gamma_selinene,gamma-Selinene,CC(=C1CCC2(CCCC(=C)C2C1)C)C
unimol_gamma_terpinene,Gamma-Terpinene,CC1=CCC(=CC1)C(C)C
unimol_gamma_terpineol,gamma-Terpineol,CC(=C1CCC(CC1)(C)O)C
unimol_gamma_undecalactone,Gamma-undecalactone,CCCCCCCC1CCC(=O)O1
unimol_gamma_valerolactone,gamma-Valerolactone,CC1CCC(=O)O1
unimol_ganoderic_acid_a,Ganoderic acid A,CC(CC(=O)CC(C)C(=O)O)C1CC(C2(C1(CC(=O)C3=C2C(CC4C3(CCC(=O)C4(C)C)C)O)C)C)O
unimol_genkwanin,Genkwanin,COC1=CC(=C2C(=C1)OC(=CC2=O)C3=CC=C(C=C3)O)O
unimol_gentianine,Gentianine,C=CC1=C2CCOC(=O)C2=CN=C1
unimol_geranic_acid,Geranic Acid,CC(=CCCC(=CC(=O)O)C)C
unimol_geraniol,Geraniol,CC(=CCCC(=CCO)C)C
unimol_geranyl_acetate,Geranyl Acetate,CC(=CCCC(=CCOC(=O)C)C)C
unimol_geranyl_butyrate,Geranyl butyrate,CCCC(=O)OCC=C(C)CCC=C(C)C
unimol_geranyl_caproate,Geranyl caproate,CCCCCC(=O)OCC=C(C)CCC=C(C)C
unimol_geranyl_formate,Geranyl formate,CC(=CCCC(=CCOC=O)C)C
unimol_geranyl_isobutyrate,Geranyl isobutyrate,CC(C)C(=O)OCC=C(C)CCC=C(C)C
unimol_geranyl_isovalerate,Geranyl isovalerate,CC(C)CC(=O)OCC=C(C)CCC=C(C)C
unimol_geranyl_propionate,Geranyl propionate,CCC(=O)OCC=C(C)CCC=C(C)C
unimol_geranyl_tiglate,Geranyl tiglate,CC=C(C)C(=O)OCC=C(C)CCC=C(C)C
unimol_geranyl_valerate,Geranyl valerate,CCCCC(=O)OCC=C(C)CCC=C(C)C
unimol_geranylacetone,Geranylacetone,CC(=CCCC(=CCCC(=O)C)C)C
unimol_gingerol,gingerol,CCCCCC(CC(=O)CCC1=CC(=C(C=C1)O)OC)O
unimol_ginkgolide_a,Ginkgolide A,CC1C(=O)OC2C1(C34C(=O)OC5C3(C2)C6(C(C5)C(C)(C)C)C(C(=O)OC6O4)O)O
unimol_ginkgolide_b,Ginkgolide B,CC1C(=O)OC2C1(C34C(=O)OC5C3(C2O)C6(C(C5)C(C)(C)C)C(C(=O)OC6O4)O)O
unimol_ginkgolide_c,Ginkgolide C,CC1C(=O)OC2C1(C34C(=O)OC5C3(C2O)C6(C(C5O)C(C)(C)C)C(C(=O)OC6O4)O)O
unimol_globulol,Globulol,CC1CCC2C1C3C(C3(C)C)CCC2(C)O
unimol_glucobrassicin,Glucobrassicin,C1=CC=C2C(=C1)C(=CN2)CC(=NOS(=O)(=O)O)SC3C(C(C(C(O3)CO)O)O)O
unimol_glutaric_acid,Glutaric Acid,C(CC(=O)O)CC(=O)O
unimol_glycerides_palm_oil_mono_and_di_hydrogenated_3_oxododecanoates,"Glycerides, palm-oil mono- and di-, hydrogenated, 3-oxododecanoates",CCCCCCCCCC(=O)CC(=O)O.CC(CO)[O-]
unimol_glycerides_palm_oil_mono_and_di_hydrogenated_3_oxooctanoates,"Glycerides, palm-oil mono- and di-, hydrogenated, 3-oxooctanoates",CCCCCC(=O)CC(=O)O.CC(CO)[O-]
unimol_glycerol,glycerol,C(C(CO)O)O
unimol_grosheimin,Grosheimin,CC1C2C(CC1=O)C(=C)CC(C3C2OC(=O)C3=C)O
unimol_guaiacol,guaiacol,COC1=CC=CC=C1O
unimol_guaiene,Guaiene,CC1CCC(=C(C)C)CC2=C1CCC2C
unimol_guaiol,Guaiol,CC1CCC(CC2=C1CCC2C)C(C)(C)O
unimol_harmane,Harmane,CC1=NC=CC2=C1NC3=CC=CC=C23
unimol_heneicosane,Heneicosane,CCCCCCCCCCCCCCCCCCCCC
unimol_heptadecane,Heptadecane,CCCCCCCCCCCCCCCCC
unimol_heptanal,Heptanal,CCCCCCC=O
unimol_heptane,Heptane,CCCCCCC
unimol_heptanoic_acid,Heptanoic Acid,CCCCCCC(=O)O
unimol_heptyl_2_methylpropanoate,Heptyl 2-methylpropanoate,CCCCCCCOC(=O)C(C)C
unimol_heptyl_acetate,Heptyl acetate,CCCCCCCOC(=O)C
unimol_heptyl_butyrate,Heptyl butyrate,CCCCCCCOC(=O)CCC
unimol_heptyl_formate,Heptyl formate,CCCCCCCOC=O
unimol_heptyl_isothiocyanate,Heptyl isothiocyanate,CCCCCCCN=C=S
unimol_hexadecane,Hexadecane,CCCCCCCCCCCCCCCC
unimol_hexanal,Hexanal,CCCCCC=O
unimol_hexane,Hexane,CCCCCC
unimol_hexanoic_acid,Hexanoic Acid,CCCCCC(=O)O
unimol_hexyl_e_2_hexenoate,Hexyl (E)-2-hexenoate,CCCCCCOC(=O)C=CCCC
unimol_hexyl_2_methylbutanoate,Hexyl 2-methylbutanoate,CCCCCCOC(=O)C(C)CC
unimol_hexyl_acetate,Hexyl acetate,CCCCCCOC(=O)C
unimol_hexyl_benzoate,Hexyl benzoate,CCCCCCOC(=O)C1=CC=CC=C1
unimol_hexyl_butyrate,Hexyl Butyrate,CCCCCCOC(=O)CCC
unimol_hexyl_cinnamic_aldehyde,Hexyl cinnamic aldehyde,CCCCCCC(=CC1=CC=CC=C1)C=O
unimol_hexyl_formate,Hexyl formate,CCCCCCOC=O
unimol_hexyl_hexanoate,Hexyl Hexanoate,CCCCCCOC(=O)CCCCC
unimol_hexyl_isobutyrate,Hexyl isobutyrate,CCCCCCOC(=O)C(C)C
unimol_hexyl_isothiocyanate,Hexyl isothiocyanate,CCCCCCN=C=S
unimol_hexyl_isovalerate,Hexyl isovalerate,CCCCCCOC(=O)CC(C)C
unimol_hexyl_octanoate,Hexyl octanoate,CCCCCCCC(=O)OCCCCCC
unimol_hexyl_phenylacetate,Hexyl phenylacetate,CCCCCCOC(=O)CC1=CC=CC=C1
unimol_hexyl_propionate,Hexyl propionate,CCCCCCOC(=O)CC
unimol_hinesol,Hinesol,CC1CCC=C(C12CCC(C2)C(C)(C)O)C
unimol_hmdb05796,HMDB05796,CC1=C(C(CC(C1)OC2C(C(C(C(O2)CO)O)O)O)(C)C)C=O
unimol_hotrienol,Hotrienol,CC(=C)C=CCC(C)(C=C)O
unimol_humulene,Humulene,CC1=CCC(C=CCC(=CCC1)C)(C)C
unimol_hydrochloric_acid,hydrochloric acid,Cl
unimol_hydrogen_cyanide,hydrogen cyanide,C#N
unimol_hydrogen_peroxide,hydrogen peroxide,OO
unimol_hydrogen_sulfide,hydrogen sulfide,S
unimol_hydroquinone,hydroquinone,C1=CC(=CC=C1O)O
unimol_hydroxyacetone,Hydroxyacetone,CC(=O)CO
unimol_hydroxycitronellal,Hydroxycitronellal,CC(CCCC(C)(C)O)CC=O
unimol_hydroxycitronellal_dimethyl_acetal,Hydroxycitronellal dimethyl acetal,CC(CCCC(C)(C)O)CC(OC)OC
unimol_indole,indole,C1=CC=C2C(=C1)C=CN2
unimol_indole_3_acetic_acid,indole-3-acetic acid,C1=CC=C2C(=C1)C(=CN2)CC(=O)O
unimol_isoamyl_acetate,Isoamyl Acetate,CC(C)CCOC(=O)C
unimol_isoamyl_angelate,Isoamyl angelate,CC=C(C)C(=O)OCCC(C)C
unimol_isoamyl_butyrate,Isoamyl butyrate,CCCC(=O)OCCC(C)C
unimol_isoamyl_isovalerate,Isoamyl Isovalerate,CC(C)CCOC(=O)CC(C)C
unimol_isoamyl_laurate,Isoamyl laurate,CCCCCCCCCCCC(=O)OCCC(C)C
unimol_isoamyl_mercaptan,Isoamyl mercaptan,CC(C)CCS
unimol_isoamyl_nonanoate,Isoamyl nonanoate,CCCCCCCCC(=O)OCCC(C)C
unimol_isoamyl_propionate,Isoamyl propionate,CCC(=O)OCCC(C)C
unimol_isoamyl_salicylate,Isoamyl salicylate,CC(C)CCOC(=O)C1=CC=CC=C1O
unimol_isoamylamine,Isoamylamine,CC(C)CCN
unimol_isoborneol,Isoborneol,CC1(C2CCC1(C(C2)O)C)C
unimol_isobornyl_acetate,Isobornyl acetate,CC(=O)OC1CC2CCC1(C2(C)C)C
unimol_isobutyl_acetate,Isobutyl Acetate,CC(C)COC(=O)C
unimol_isobutyl_benzoate,Isobutyl benzoate,CC(C)COC(=O)C1=CC=CC=C1
unimol_isobutyl_butyrate,Isobutyl butyrate,CCCC(=O)OCC(C)C
unimol_isobutyl_cinnamate,Isobutyl cinnamate,CC(C)COC(=O)C=CC1=CC=CC=C1
unimol_isobutyl_formate,Isobutyl Formate,CC(C)COC=O
unimol_isobutyl_heptanoate,Isobutyl heptanoate,CCCCCCC(=O)OCC(C)C
unimol_isobutyl_hexanoate,Isobutyl hexanoate,CCCCCC(=O)OCC(C)C
unimol_isobutyl_isobutyrate,Isobutyl isobutyrate,CC(C)COC(=O)C(C)C
unimol_isobutyl_isothiocyanate,Isobutyl isothiocyanate,CC(C)CN=C=S
unimol_isobutyl_isovalerate,Isobutyl Isovalerate,CC(C)CC(=O)OCC(C)C
unimol_isobutyl_mercaptan,Isobutyl mercaptan,CC(C)CS
unimol_isobutyl_phenylacetate,Isobutyl phenylacetate,CC(C)COC(=O)CC1=CC=CC=C1
unimol_isobutyl_propionate,Isobutyl propionate,CCC(=O)OCC(C)C
unimol_isobutylamine,Isobutylamine,CC(C)CN
unimol_isobutyraldehyde,Isobutyraldehyde,CC(C)C=O
unimol_isobutyric_acid,Isobutyric Acid,CC(C)C(=O)O
unimol_isoelemicin,Isoelemicin,CC=CC1=CC(=C(C(=C1)OC)OC)OC
unimol_isoeugenol,Isoeugenol,CC=CC1=CC(=C(C=C1)O)OC
unimol_isoflavone,Isoflavone,C1=CC=C(C=C1)C2=COC3=CC=CC=C3C2=O
unimol_isoliquiritigenin,isoliquiritigenin,C1=CC(=CC=C1C=CC(=O)C2=C(C=C(C=C2)O)O)O
unimol_isomenthone_2,Isomenthone,CC1CCC(C(=O)C1)C(C)C
unimol_isopentyl_benzoate,Isopentyl benzoate,CC(C)CCOC(=O)C1=CC=CC=C1
unimol_isopentyl_cinnamate,Isopentyl cinnamate,CC(C)CCOC(=O)C=CC1=CC=CC=C1
unimol_isopentyl_formate,Isopentyl formate,CC(C)CCOC=O
unimol_isopentyl_hexanoate,Isopentyl hexanoate,CCCCCC(=O)OCCC(C)C
unimol_isopentyl_isobutyrate,Isopentyl isobutyrate,CC(C)CCOC(=O)C(C)C
unimol_isopentyl_octanoate,Isopentyl octanoate,CCCCCCCC(=O)OCCC(C)C
unimol_isophorone,Isophorone,CC1=CC(=O)CC(C1)(C)C
unimol_isophytol,Isophytol,CC(C)CCCC(C)CCCC(C)CCCC(C)(C=C)O
unimol_isopinocamphone_2,Isopinocamphone,CC1C2CC(C2(C)C)CC1=O
unimol_isopropanol,isopropanol,CC(C)O
unimol_isopropenylpyrazine,Isopropenylpyrazine,CC(=C)C1=NC=CN=C1
unimol_isopropyl_2_methylbutyrate,Isopropyl 2-methylbutyrate,CCC(C)C(=O)OC(C)C
unimol_isopropyl_acetate,Isopropyl Acetate,CC(C)OC(=O)C
unimol_isopropyl_benzoate,Isopropyl Benzoate,CC(C)OC(=O)C1=CC=CC=C1
unimol_isopropyl_butyrate,Isopropyl butyrate,CCCC(=O)OC(C)C
unimol_isopropyl_formate,Isopropyl Formate,CC(C)OC=O
unimol_isopropyl_hexanoate,Isopropyl Hexanoate,CCCCCC(=O)OC(C)C
unimol_isopropyl_isobutyrate,Isopropyl Isobutyrate,CC(C)C(=O)OC(C)C
unimol_isopropyl_isothiocyanate,Isopropyl isothiocyanate,CC(C)N=C=S
unimol_isopropyl_myristate,Isopropyl Myristate,CCCCCCCCCCCCCC(=O)OC(C)C
unimol_isopropyl_palmitate,Isopropyl Palmitate,CCCCCCCCCCCCCCCC(=O)OC(C)C
unimol_isopropyl_propionate,Isopropyl Propionate,CCC(=O)OC(C)C
unimol_isopropylamine,Isopropylamine,CC(C)N
unimol_isopulegol,Isopulegol,CC1CCC(C(C1)O)C(=C)C
unimol_isopulegol_acetate,Isopulegol acetate,CC1CCC(C(C1)OC(=O)C)C(=C)C
unimol_isopulegone,Isopulegone,CC1CCC(C(=O)C1)C(=C)C
unimol_isoquercitrin,Isoquercitrin,C1=CC(=C(C=C1C2=C(C(=O)C3=C(C=C(C=C3O2)O)O)OC4C(C(C(C(O4)CO)O)O)O)O)O
unimol_isoquinoline,Isoquinoline,C1=CC=C2C=NC=CC2=C1
unimol_isorhamnetin,Isorhamnetin,COC1=C(C=CC(=C1)C2=C(C(=O)C3=C(C=C(C=C3O2)O)O)O)O
unimol_isosafrole,Isosafrole,CC=CC1=CC2=C(C=C1)OCO2
unimol_isovaleric_acid,Isovaleric Acid,CC(C)CC(=O)O
unimol_isoxanthohumol,Isoxanthohumol,CC(=CCC1=C(C=C(C2=C1OC(CC2=O)C3=CC=C(C=C3)O)OC)O)C
unimol_jasmine_lactone,Jasmine lactone,CCC=CCC1CCCC(=O)O1
unimol_jasmine_oil,Jasmine Oil,CC=CCC1=C(CCC1)C
unimol_juniper_camphor,Juniper camphor,CC(=C1CCC2(CCCC(C2C1)(C)O)C)C
unimol_kaempferol,kaempferol,C1=CC(=CC=C1C2=C(C(=O)C3=C(C=C(C=C3O2)O)O)O)O
unimol_khusimone,Khusimone,CC1(C2CCC3(C2)C(C1=C)CCC3=O)C
unimol_l_alpha_cadinol,l-.alpha.-Cadinol,CC1=CC2C(CCC(C2CC1)(C)O)C(C)C
unimol_l_alpha_fenchone,l-alpha-Fenchone,CC1(C2CCC(C2)(C1=O)C)C
unimol_l_arginine,L-arginine,C(CC(C(=O)O)N)CN=C(N)N
unimol_l_ascorbic_acid,l-ascorbic acid,C(C(C1C(=C(C(=O)O1)O)O)O)O
unimol_l_aspartic_acid,L-aspartic acid,C(C(C(=O)O)N)C(=O)O
unimol_l_cysteine,L-cysteine,C(C(C(=O)O)N)S
unimol_l_glutamic_acid,L-glutamic acid,C(CC(=O)O)C(C(=O)O)N
unimol_l_histidine,L-histidine,C1=C(NC=N1)CC(C(=O)O)N
unimol_l_lactic_acid,L-Lactic acid,CC(C(=O)O)O
unimol_l_lysine,L-lysine,C(CCN)CC(C(=O)O)N
unimol_l_malic_acid,L-Malic acid,C(C(C(=O)O)O)C(=O)O
unimol_l_menthol,l-Menthol,CC1CCC(C(C1)O)C(C)C
unimol_l_menthyl_acetate,L-Menthyl acetate,CC1CCC(C(C1)OC(=O)C)C(C)C
unimol_l_phenylalanine,L-phenylalanine,C1=CC=C(C=C1)CC(C(=O)O)N
unimol_l_rhamnose,L-Rhamnose,CC1C(C(C(C(O1)O)O)O)O
unimol_lactic_acid,lactic acid,CC(C(=O)O)O
unimol_lanatoside_c,lanatoside C,CC1C(C(CC(O1)OC2CCC3(C(C2)CCC4C3CC(C5(C4(CCC5C6=CC(=O)OC6)O)C)O)C)O)OC7CC(C(C(O7)C)OC8CC(C(C(O8)C)OC9C(C(C(C(O9)CO)O)O)O)OC(=O)C)O
unimol_lauric_acid,lauric acid,CCCCCCCCCCCC(=O)O
unimol_lauryl_3_mercaptopropionate,Lauryl 3-mercaptopropionate,CCCCCCCCCCCCOC(=O)CCS
unimol_lavender_lactone,Lavender lactone,CC1(CCC(=O)O1)C=C
unimol_levomenol,Levomenol,CC1=CCC(CC1)C(C)(CCC=C(C)C)O
unimol_levulinic_acid,Levulinic Acid,CC(=O)CCC(=O)O
unimol_lilac_aldehyde,Lilac aldehyde,CC(C=O)C1CCC(O1)(C)C=C
unimol_limonen_10_yl_acetate,Limonen-10-yl acetate,CC1=CCC(CC1)C(=C)COC(=O)C
unimol_limonene_1_2_epoxide,"Limonene 1,2-epoxide",CC(=C)C1CCC2(C(C1)O2)C
unimol_linalool_3,Linalool,CC(=CCCC(C)(C=C)O)C
unimol_linalool_a_oxide,Linalool A oxide,CC1(CCC(O1)C(C)(C)O)C=C
unimol_linaloyl_oxide,Linaloyl oxide,CC1(CCCC(O1)(C)C=C)C
unimol_linalyl_acetate,Linalyl Acetate,CC(=CCCC(C)(C=C)OC(=O)C)C
unimol_linalyl_benzoate,Linalyl benzoate,CC(=CCCC(C)(C=C)OC(=O)C1=CC=CC=C1)C
unimol_linalyl_butyrate,Linalyl butyrate,CCCC(=O)OC(C)(CCC=C(C)C)C=C
unimol_linalyl_formate,Linalyl formate,CC(=CCCC(C)(C=C)OC=O)C
unimol_linalyl_isobutyrate,Linalyl isobutyrate,CC(C)C(=O)OC(C)(CCC=C(C)C)C=C
unimol_linalyl_octanoate,Linalyl octanoate,CCCCCCCC(=O)OC(C)(CCC=C(C)C)C=C
unimol_linalyl_propionate,Linalyl propionate,CCC(=O)OC(C)(CCC=C(C)C)C=C
unimol_linamarin,Linamarin,CC(C)(C#N)OC1C(C(C(C(O1)CO)O)O)O
unimol_linden_ether,Linden ether,CC1=CC2C(=C(CO2)C)CC1
unimol_linoleic_acid,linoleic acid,CCCCCC=CCC=CCCCCCCCC(=O)O
unimol_longifolene,Longifolene,CC1(CCCC2(C3C1C(C2=C)CC3)C)C
unimol_luteolin,luteolin,C1=CC(=C(C=C1C2=CC(=O)C3=C(C=C(C=C3O2)O)O)O)O
unimol_lycopene,Lycopene,CC(=CCCC(=CC=CC(=CC=CC(=CC=CC=C(C)C=CC=C(C)C=CC=C(C)CCC=C(C)C)C)C)C)C
unimol_m_cresol,m-cresol,CC1=CC(=CC=C1)O
unimol_m_cymene,M-Cymene,CC1=CC(=CC=C1)C(C)C
unimol_m_xylene,M-Xylene,CC1=CC(=CC=C1)C
unimol_maltol,Maltol,CC1=C(C(=O)C=CO1)O
unimol_menthofuran,Menthofuran,CC1CCC2=C(C1)OC=C2C
unimol_menthone,Menthone,CC1CCC(C(=O)C1)C(C)C
unimol_menthyl_acetate,Menthyl acetate,CC1CCC(C(C1)OC(=O)C)C(C)C
unimol_menthyl_isovalerate,Menthyl isovalerate,CC1CCC(C(C1)OC(=O)CC(C)C)C(C)C
unimol_mesityl_oxide,Mesityl Oxide,CC(=CC(=O)C)C
unimol_mesitylene,Mesitylene,CC1=CC(=CC(=C1)C)C
unimol_methanedithiol,Methanedithiol,C(S)S
unimol_methanethiol,methanethiol,CS
unimol_methanol,methanol,CO
unimol_methialdol,Methialdol,CSCCC=C(CSC)C=O
unimol_methoxsalen,methoxsalen,COC1=C2C(=CC3=C1OC=C3)C=CC(=O)O2
unimol_methyl_9e_12z_octadeca_9_12_dienoate,"methyl (9E,12Z)-octadeca-9,12-dienoate",CCCCCC=CCC=CCCCCCCCC(=O)OC
unimol_methyl_methylthio_acetate,Methyl (methylthio)acetate,COC(=O)CSC
unimol_methyl_z_3_hexenoate,methyl (Z)-3-hexenoate,CCC=CCC(=O)OC
unimol_methyl_z_oct_4_enoate,Methyl (Z)-oct-4-enoate,CCCC=CCCC(=O)OC
unimol_methyl_2_dimethylamino_benzoate,Methyl 2-(dimethylamino)benzoate,CN(C)C1=CC=CC=C1C(=O)OC
unimol_methyl_2_methylamino_benzoate,Methyl 2-(methylamino)benzoate,CNC1=CC=CC=C1C(=O)OC
unimol_methyl_2_acetamidobenzoate,Methyl 2-Acetamidobenzoate,CC(=O)NC1=CC=CC=C1C(=O)OC
unimol_methyl_2_furoate,Methyl 2-furoate,COC(=O)C1=CC=CO1
unimol_methyl_2_hexenoate,Methyl 2-Hexenoate,CCCC=CC(=O)OC
unimol_methyl_2_hydroxy_4_methylpentanoate,Methyl 2-hydroxy-4-methylpentanoate,CC(C)CC(C(=O)OC)O
unimol_methyl_2_methoxybenzoate,Methyl 2-methoxybenzoate,COC1=CC=CC=C1C(=O)OC
unimol_methyl_2_methylbutyrate,Methyl 2-methylbutyrate,CCC(C)C(=O)OC
unimol_methyl_2_methylpentanoate,Methyl 2-methylpentanoate,CCCC(C)C(=O)OC
unimol_methyl_3_methylthio_propionate,Methyl 3-(methylthio)propionate,COC(=O)CCSC
unimol_methyl_3_hydroxyhexanoate,Methyl 3-hydroxyhexanoate,CCCC(CC(=O)OC)O
unimol_methyl_3_nonenoate,Methyl 3-nonenoate,CCCCCC=CCC(=O)OC
unimol_methyl_3_phenylpropionate,Methyl 3-phenylpropionate,COC(=O)CCC1=CC=CC=C1
unimol_methyl_4_methylthio_butyrate,Methyl 4-(methylthio)butyrate,COC(=O)CCCSC
unimol_methyl_4_hydroxybenzoate,Methyl 4-hydroxybenzoate,COC(=O)C1=CC=C(C=C1)O
unimol_methyl_4_methoxybenzoate,Methyl 4-Methoxybenzoate,COC1=CC=C(C=C1)C(=O)OC
unimol_methyl_4_methylvalerate,Methyl 4-methylvalerate,CC(C)CCC(=O)OC
unimol_methyl_5_acetoxyhexanoate,Methyl 5-acetoxyhexanoate,CC(CCCC(=O)OC)OC(=O)C
unimol_methyl_acetate,Methyl Acetate,CC(=O)OC
unimol_methyl_anthranilate,Methyl Anthranilate,COC(=O)C1=CC=CC=C1N
unimol_methyl_benzoate,Methyl Benzoate,COC(=O)C1=CC=CC=C1
unimol_methyl_butyrate,Methyl butyrate,CCCC(=O)OC
unimol_methyl_cinnamate,Methyl cinnamate,COC(=O)C=CC1=CC=CC=C1
unimol_methyl_cis_cinnamate,Methyl cis-cinnamate,COC(=O)C=CC1=CC=CC=C1
unimol_methyl_citronellate,Methyl citronellate,CC(CCC=C(C)C)CC(=O)OC
unimol_methyl_cyclohexanecarboxylate,Methyl cyclohexanecarboxylate,COC(=O)C1CCCCC1
unimol_methyl_dl_jasmonate,Methyl dl-jasmonate,CCC=CCC1C(CCC1=O)CC(=O)OC
unimol_methyl_dodecanoate,Methyl Dodecanoate,CCCCCCCCCCCC(=O)OC
unimol_methyl_heptanoate,Methyl Heptanoate,CCCCCCC(=O)OC
unimol_methyl_hexanoate,Methyl Hexanoate,CCCCCC(=O)OC
unimol_methyl_isobutyrate,Methyl Isobutyrate,CC(C)C(=O)OC
unimol_methyl_isothiocyanate,Methyl Isothiocyanate,CN=C=S
unimol_methyl_isovalerate,Methyl isovalerate,CC(C)CC(=O)OC
unimol_methyl_jasmonate,Methyl jasmonate,CCC=CCC1C(CCC1=O)CC(=O)OC
unimol_methyl_linoleate,Methyl Linoleate,CCCCCC=CCC=CCCCCCCCC(=O)OC
unimol_methyl_linolenate,Methyl Linolenate,CCC=CCC=CCC=CCCCCCCCC(=O)OC
unimol_methyl_n_formylanthranilate,Methyl N-formylanthranilate,COC(=O)C1=CC=CC=C1NC=O
unimol_methyl_nicotinate,Methyl Nicotinate,COC(=O)C1=CN=CC=C1
unimol_methyl_nonanoate,Methyl Nonanoate,CCCCCCCCC(=O)OC
unimol_methyl_oct_2_enoate,Methyl oct-2-enoate,CCCCCC=CC(=O)OC
unimol_methyl_octanoate,Methyl octanoate,CCCCCCCC(=O)OC
unimol_methyl_palmitate,Methyl Palmitate,CCCCCCCCCCCCCCCC(=O)OC
unimol_methyl_pentyl_disulfide,Methyl pentyl disulfide,CCCCCSSC
unimol_methyl_phenyl_disulfide,Methyl phenyl disulfide,CSSC1=CC=CC=C1
unimol_methyl_phenylacetate,Methyl Phenylacetate,COC(=O)CC1=CC=CC=C1
unimol_methyl_propenyl_ketone,Methyl propenyl ketone,CC=CC(=O)C
unimol_methyl_propionate,Methyl Propionate,CCC(=O)OC
unimol_methyl_propyl_disulfide,Methyl propyl disulfide,CCCSSC
unimol_methyl_propyl_sulfide,Methyl propyl sulfide,CCCSC
unimol_methyl_propyl_trisulfide,Methyl propyl trisulfide,CCCSSSC
unimol_methyl_salicylate,methyl salicylate,COC(=O)C1=CC=CC=C1O
unimol_methyl_sorbate,Methyl sorbate,CC=CC=CC(=O)OC
unimol_methyl_stearate,Methyl Stearate,CCCCCCCCCCCCCCCCCC(=O)OC
unimol_methyl_tetradecanoate,Methyl tetradecanoate,CCCCCCCCCCCCCC(=O)OC
unimol_methyl_thiocyanate,Methyl Thiocyanate,CSC#N
unimol_methyl_valerate,Methyl Valerate,CCCCC(=O)OC
unimol_methylcyclohexane,Methylcyclohexane,CC1CCCCC1
unimol_methyleugenol,Methyleugenol,COC1=C(C=C(C=C1)CC=C)OC
unimol_methylglyoxal,methylglyoxal,CC(=O)C=O
unimol_methylisoeugenol,Methylisoeugenol,CC=CC1=CC(=C(C=C1)OC)OC
unimol_mls002607979,MLS002607979,CC1(C2CC(=O)C3(C(C24COC(=O)CC4O1)CCC5(C36C(O6)C(=O)OC5C7=COC=C7)C)C)C
unimol_mls002702988,MLS002702988,CC(=O)OC(C)(C)C=CC(=O)C(C)(C1C(CC2(C1(CC(=O)C3(C2CC=C4C3CC(C(=O)C4(C)C)O)C)C)C)O)O
unimol_morin,morin,C1=CC(=C(C=C1O)O)C2=C(C(=O)C3=C(C=C(C=C3O2)O)O)O
unimol_myrcene,Myrcene,CC(=CCCC(=C)C=C)C
unimol_myrcenol,Myrcenol,CC(C)(CCCC(=C)C=C)O
unimol_myrcenyl_acetate,Myrcenyl acetate,CC(=O)OC(C)(C)CCCC(=C)C=C
unimol_myristicin,Myristicin,COC1=CC(=CC2=C1OCO2)CC=C
unimol_myrtenal,Myrtenal,CC1(C2CC=C(C1C2)C=O)C
unimol_myrtenol,Myrtenol,CC1(C2CC=C(C1C2)CO)C
unimol_myrtenyl_acetate,Myrtenyl acetate,CC(=O)OCC1=CCC2CC1C2(C)C
unimol_n_propyl_nitrite,n-Propyl nitrite,CCCON=O
unimol_naphthalene,naphthalene,C1=CC=C2C=CC=CC2=C1
unimol_naphthalene_1_2_4a_5_8_8a_hexahydro_4_7_dimethyl_1_1_methylethyl,"Naphthalene, 1,2,4a,5,8,8a-hexahydro-4,7-dimethyl-1-(1-methylethyl)-",CC1=CCC2C(C1)C(CC=C2C)C(C)C
unimol_naringen,Naringen,CC1C(C(C(C(O1)OCC2C(C(C(C(O2)OC3=CC(=C4C(=O)CC(OC4=C3)C5=CC=C(C=C5)O)O)O)O)O)O)O)O
unimol_naringenin,naringenin,C1C(OC2=CC(=CC(=C2C1=O)O)O)C3=CC=C(C=C3)O
unimol_naringin,naringin,CC1C(C(C(C(O1)OC2C(C(C(OC2OC3=CC(=C4C(=O)CC(OC4=C3)C5=CC=C(C=C5)O)O)CO)O)O)O)O)O
unimol_neoisomenthol,Neoisomenthol,CC1CCC(C(C1)O)C(C)C
unimol_neral,Neral,CC(=CCCC(=CC=O)C)C
unimol_nerol,nerol,CC(=CCCC(=CCO)C)C
unimol_nerol_oxide,Nerol oxide,CC1=CCOC(C1)C=C(C)C
unimol_nerolidol,Nerolidol,CC(=CCCC(=CCCC(C)(C=C)O)C)C
unimol_nerolidyl_acetate,Nerolidyl acetate,CC(=CCCC(=CCCC(C)(C=C)OC(=O)C)C)C
unimol_neryl_acetate,Neryl acetate,CC(=CCCC(=CCOC(=O)C)C)C
unimol_neryl_butyrate,Neryl butyrate,CCCC(=O)OCC=C(C)CCC=C(C)C
unimol_neryl_formate,Neryl formate,CC(=CCCC(=CCOC=O)C)C
unimol_neryl_isobutyrate,Neryl isobutyrate,CC(C)C(=O)OCC=C(C)CCC=C(C)C
unimol_neryl_propionate,Neryl propionate,CCC(=O)OCC=C(C)CCC=C(C)C
unimol_nerylacetone,Nerylacetone,CC(=CCCC(=CCCC(=O)C)C)C
unimol_nicotine,nicotine,CN1CCCC1C2=CN=CC=C2
unimol_nobiletin,Nobiletin,COC1=C(C=C(C=C1)C2=CC(=O)C3=C(O2)C(=C(C(=C3OC)OC)OC)OC)OC
unimol_nomilin,Nomilin,CC(=O)OC1CC(=O)OC(C2C1(C3CCC4(C(OC(=O)C5C4(C3(C(=O)C2)C)O5)C6=COC=C6)C)C)(C)C
unimol_nonadecane,Nonadecane,CCCCCCCCCCCCCCCCCCC
unimol_nonanal,Nonanal,CCCCCCCCC=O
unimol_nonane,Nonane,CCCCCCCCC
unimol_nonanoic_acid,Nonanoic Acid,CCCCCCCCC(=O)O
unimol_nonivamide,Nonivamide,CCCCCCCCC(=O)NCC1=CC(=C(C=C1)O)OC
unimol_nonyl_acetate,Nonyl Acetate,CCCCCCCCCOC(=O)C
unimol_nonyl_octanoate,Nonyl octanoate,CCCCCCCCCOC(=O)CCCCCCC
unimol_nootkatone,Nootkatone,CC1CC(=O)C=C2C1(CC(CC2)C(=C)C)C
unimol_nopol,Nopol,CC1(C2CC=C(C1C2)CCO)C
unimol_noscapine,noscapine,CN1CCC2=CC3=C(C(=C2C1C4C5=C(C(=C(C=C5)OC)OC)C(=O)O4)OC)OCO3
unimol_nsc5112,NSC5112,C1=CC(=CC=C1C2=COC3=CC(=CC(=C3C2=O)O)OC4C(C(C(C(O4)CO)O)O)O)O
unimol_o_cresol,o-cresol,CC1=CC=CC=C1O
unimol_o_xylene,O-Xylene,CC1=CC=CC=C1C
unimol_ocimen_quintoxide,Ocimen quintoxide,CC=C(C)C1CCC(O1)(C)C
unimol_ocimene,Ocimene,CC(=CCC=C(C)C=C)C
unimol_ocimene_quintoxide,Ocimene quintoxide,CC=C(C)C1CCC(O1)(C)C
unimol_octadecane,Octadecane,CCCCCCCCCCCCCCCCCC
unimol_octadienal,Octadienal,CCCC=CC=CC=O
unimol_octan_2_ol,Octan-2-ol,CCCCCCC(C)O
unimol_octan_2_one,Octan-2-one,CCCCCCC(=O)C
unimol_octanal,Octanal,CCCCCCCC=O
unimol_octane,octane,CCCCCCCC
unimol_octane_2_3_dione,"Octane-2,3-dione",CCCCCC(=O)C(=O)C
unimol_octanoic_acid,octanoic acid,CCCCCCCC(=O)O
unimol_octyl_2_furoate,Octyl 2-furoate,CCCCCCCCOC(=O)C1=CC=CO1
unimol_octyl_2_methylbutyrate,Octyl 2-methylbutyrate,CCCCCCCCOC(=O)C(C)CC
unimol_octyl_acetate,Octyl acetate,CCCCCCCCOC(=O)C
unimol_octyl_benzoate,Octyl benzoate,CCCCCCCCOC(=O)C1=CC=CC=C1
unimol_octyl_butyrate,Octyl butyrate,CCCCCCCCOC(=O)CCC
unimol_octyl_formate,Octyl formate,CCCCCCCCOC=O
unimol_octyl_isobutyrate,Octyl isobutyrate,CCCCCCCCOC(=O)C(C)C
unimol_octyl_isovalerate,Octyl isovalerate,CCCCCCCCOC(=O)CC(C)C
unimol_octyl_propionate,Octyl propionate,CCCCCCCCOC(=O)CC
unimol_oleic_acid,oleic acid,CCCCCCCCC=CCCCCCCCC(=O)O
unimol_oleuropein,Oleuropein,CC=C1C(C(=COC1OC2C(C(C(C(O2)CO)O)O)O)C(=O)OC)CC(=O)OCCC3=CC(=C(C=C3)O)O
unimol_oxacyclohexadecan_2_one,Oxacyclohexadecan-2-one,C1CCCCCCCOC(=O)CCCCCC1
unimol_oxalic_acid,oxalic acid,C(=O)(C(=O)O)O
unimol_oxirane,Oxirane,C1CO1
unimol_oxycanthine,Oxycanthine,CN1CCC2=CC(=C(C3=C2C1CC4=CC=C(C=C4)OC5=C(C=CC(=C5)CC6C7=CC(=C(C=C7CCN6C)OC)O3)O)OC)OC
unimol_p_benzoquinone,p-benzoquinone,C1=CC(=O)C=CC1=O
unimol_p_camphorene,p-Camphorene,CC(=CCCC1=CCC(CC1)C(=C)CCC=C(C)C)C
unimol_p_coumaric_acid,p-coumaric acid,C1=CC(=CC=C1C=CC(=O)O)O
unimol_p_cresol,P-Cresol,CC1=CC=C(C=C1)O
unimol_p_cymene,P-Cymene,CC1=CC=C(C=C1)C(C)C
unimol_p_menth_1_en_9_ol,p-Menth-1-en-9-ol,CC1=CCC(CC1)C(C)CO
unimol_p_menth_1_en_9_yl_acetate,P-Menth-1-en-9-yl acetate,CC1=CCC(CC1)C(C)COC(=O)C
unimol_p_menth_8_ene_1_2_diol,"p-Menth-8-ene-1,2-diol",CC(=C)C1CCC(C(C1)O)(C)O
unimol_p_mentha_1_3_8_triene,"p-Mentha-1,3,8-triene",CC1=CC=C(CC1)C(=C)C
unimol_p_mentha_1_5_dien_8_ol,"p-Mentha-1,5-dien-8-ol",CC1=CCC(C=C1)C(C)(C)O
unimol_p_mentha_2_8_dien_1_ol,"P-Mentha-2,8-dien-1-ol",CC(=C)C1CCC(C=C1)(C)O
unimol_p_mentha_8_thiol_3_one,p-Mentha-8-thiol-3-one,CC1CCC(C(=O)C1)C(C)(C)S
unimol_p_menthan_2_ol,p-Menthan-2-ol,CC1CCC(CC1O)C(C)C
unimol_p_menthan_8_ol,p-MENTHAN-8-OL,CC1CCC(CC1)C(C)(C)O
unimol_p_menthane,p-Menthane,CC1CCC(CC1)C(C)C
unimol_p_menthane_3_8_diol,"p-Menthane-3,8-diol",CC1CCC(C(C1)O)C(C)(C)O
unimol_p_menthene_8_thiol,p-Menthene-8-thiol,CC1=CCC(CC1)C(C)(C)S
unimol_p_tolualdehyde,p-Tolualdehyde,CC1=CC=C(C=C1)C=O
unimol_p_tolyl_isovalerate,p-Tolyl isovalerate,CC1=CC=C(C=C1)OC(=O)CC(C)C
unimol_p_xylene,P-Xylene,CC1=CC=C(C=C1)C
unimol_palmitic_acid,palmitic acid,CCCCCCCCCCCCCCCC(=O)O
unimol_palmitoleic_acid,palmitoleic acid,CCCCCCC=CCCCCCCCC(=O)O
unimol_papaverine,papaverine,COC1=C(C=C(C=C1)CC2=NC=CC3=CC(=C(C=C32)OC)OC)OC
unimol_paradol,Paradol,CCCCCCCC(=O)CCC1=CC(=C(C=C1)O)OC
unimol_parthenolide,parthenolide,CC1=CCCC2(C(O2)C3C(CC1)C(=C)C(=O)O3)C
unimol_pentacosane,Pentacosane,CCCCCCCCCCCCCCCCCCCCCCCCC
unimol_pentadecanal,Pentadecanal,CCCCCCCCCCCCCCC=O
unimol_pentadecane,Pentadecane,CCCCCCCCCCCCCCC
unimol_pentadecanoic_acid,Pentadecanoic Acid,CCCCCCCCCCCCCCC(=O)O
unimol_pentadecyl_acrylate,Pentadecyl acrylate,CCCCCCCCCCCCCCCOC(=O)C=C
unimol_pentanal,Pentanal,CCCCC=O
unimol_pentane,Pentane,CCCCC
unimol_pentyl_benzoate,Pentyl Benzoate,CCCCCOC(=O)C1=CC=CC=C1
unimol_pentyl_butyrate,Pentyl Butyrate,CCCCCOC(=O)CCC
unimol_pentyl_formate,Pentyl formate,CCCCCOC=O
unimol_pentyl_hexanoate,Pentyl Hexanoate,CCCCCC(=O)OCCCCC
unimol_pentyl_isothiocyanate,Pentyl isothiocyanate,CCCCCN=C=S
unimol_pentyl_valerate,Pentyl valerate,CCCCCOC(=O)CCCC
unimol_perilla_alcohol,Perilla alcohol,CC(=C)C1CCC(=CC1)CO
unimol_perillaldehyde,Perillaldehyde,CC(=C)C1CCC(=CC1)C=O
unimol_perillen,Perillen,CC(=CCCC1=COC=C1)C
unimol_perillyl_acetate,Perillyl acetate,CC(=C)C1CCC(=CC1)COC(=O)C
unimol_peruviol,Peruviol,CC(=CCCC(=CCCC(C)(C=C)O)C)C
unimol_phenethyl_2_methylbutyrate,Phenethyl 2-methylbutyrate,CCC(C)C(=O)OCCC1=CC=CC=C1
unimol_phenethyl_acetate,Phenethyl acetate,CC(=O)OCCC1=CC=CC=C1
unimol_phenethyl_benzoate,Phenethyl benzoate,C1=CC=C(C=C1)CCOC(=O)C2=CC=CC=C2
unimol_phenethyl_butyrate,Phenethyl butyrate,CCCC(=O)OCCC1=CC=CC=C1
unimol_phenethyl_isobutyrate,Phenethyl isobutyrate,CC(C)C(=O)OCCC1=CC=CC=C1
unimol_phenethyl_isothiocyanate,Phenethyl isothiocyanate,C1=CC=C(C=C1)CCN=C=S
unimol_phenethyl_phenylacetate,Phenethyl phenylacetate,C1=CC=C(C=C1)CCOC(=O)CC2=CC=CC=C2
unimol_phenethylamine,Phenethylamine,C1=CC=C(C=C1)CCN
unimol_phenol,phenol,C1=CC=C(C=C1)O
unimol_phenoxyacetic_acid,Phenoxyacetic Acid,C1=CC=C(C=C1)OCC(=O)O
unimol_phenylacetaldehyde,phenylacetaldehyde,C1=CC=C(C=C1)CC=O
unimol_phenylacetic_acid,Phenylacetic Acid,C1=CC=C(C=C1)CC(=O)O
unimol_phenylacetonitrile,Phenylacetonitrile,C1=CC=C(C=C1)CC#N
unimol_phenylethyl_isovalerate,Phenylethyl isovalerate,CC(C)CC(=O)OCCC1=CC=CC=C1
unimol_phloretin,phloretin,C1=CC(=CC=C1CCC(=O)C2=C(C=C(C=C2O)O)O)O
unimol_phlorizin,Phlorizin,C1=CC(=CC=C1CCC(=O)C2=C(C=C(C=C2OC3C(C(C(C(O3)CO)O)O)O)O)O)O
unimol_phytane,Phytane,CCC(C)CCCC(C)CCCC(C)CCCC(C)C
unimol_phytol,Phytol,CC(C)CCCC(C)CCCC(C)CCCC(=CCO)C
unimol_phytyl_acetate,Phytyl acetate,CC(C)CCCC(C)CCCC(C)CCCC(=CCOC(=O)C)C
unimol_pinocamphone,Pinocamphone,CC1C2CC(C2(C)C)CC1=O
unimol_pinocarveol,Pinocarveol,CC1(C2CC1C(=C)C(C2)O)C
unimol_pinocarvone,Pinocarvone,CC1(C2CC1C(=C)C(=O)C2)C
unimol_piperidine,Piperidine,C1CCNCC1
unimol_piperine,piperine,C1CCN(CC1)C(=O)C=CC=CC2=CC3=C(C=C2)OCO3
unimol_piperitenone,Piperitenone,CC1=CC(=O)C(=C(C)C)CC1
unimol_piperitenone_oxide,Piperitenone oxide,CC(=C1CCC2(C(C1=O)O2)C)C
unimol_piperitol,Piperitol,CC1=CC(C(CC1)C(C)C)O
unimol_piperitone_2,Piperitone,CC1=CC(=O)C(CC1)C(C)C
unimol_piperonal,Piperonal,C1OC2=C(O1)C=C(C=C2)C=O
unimol_piperonyl_acetate,Piperonyl Acetate,CC(=O)OCC1=CC2=C(C=C1)OCO2
unimol_potassium_nitrate,Potassium Nitrate,[N+](=O)([O-])[O-].[K+]
unimol_potassium_sorbate,Potassium Sorbate,CC=CC=CC(=O)[O-].[K+]
unimol_pregeijerene,Pregeijerene,CC1=CCCC(=CC=CCC1)C
unimol_prenyl_acetate,Prenyl acetate,CC(=CCOC(=O)C)C
unimol_prenylthiol,Prenylthiol,CC(=CCS)C
unimol_pristane,Pristane,CC(C)CCCC(C)CCCC(C)CCCC(C)C
unimol_propenyl_propyl_disulfide,Propenyl propyl disulfide,CCCSSC=CC
unimol_propionaldehyde,Propionaldehyde,CCC=O
unimol_propionic_acid,propionic acid,CCC(=O)O
unimol_propiophenone,Propiophenone,CCC(=O)C1=CC=CC=C1
unimol_propyl_2_4_decadienoate,"Propyl 2,4-decadienoate",CCCCCC=CC=CC(=O)OCCC
unimol_propyl_acetate,Propyl acetate,CCCOC(=O)C
unimol_propyl_benzoate,Propyl Benzoate,CCCOC(=O)C1=CC=CC=C1
unimol_propyl_butyrate,Propyl butyrate,CCCC(=O)OCCC
unimol_propyl_formate,Propyl Formate,CCCOC=O
unimol_propyl_gallate,propyl gallate,CCCOC(=O)C1=CC(=C(C(=C1)O)O)O
unimol_propyl_heptanoate,Propyl heptanoate,CCCCCCC(=O)OCCC
unimol_propyl_hexanoate,Propyl Hexanoate,CCCCCC(=O)OCCC
unimol_propyl_isobutyrate,Propyl Isobutyrate,CCCOC(=O)C(C)C
unimol_propyl_isovalerate,Propyl Isovalerate,CCCOC(=O)CC(C)C
unimol_propyl_propionate,Propyl Propionate,CCCOC(=O)CC
unimol_propyl_sulfide,Propyl sulfide,CCCSCCC
unimol_propylamine,Propylamine,CCCN
unimol_prunetin,Prunetin,COC1=CC(=C2C(=C1)OC=C(C2=O)C3=CC=C(C=C3)O)O
unimol_prunin,Prunin,C1C(OC2=CC(=CC(=C2C1=O)O)OC3C(C(C(C(O3)CO)O)O)O)C4=CC=C(C=C4)O
unimol_pseudoionone,Pseudoionone,CC(=CCCC(=CC=CC(=O)C)C)C
unimol_pulegone_2,Pulegone,CC1CCC(=C(C)C)C(=O)C1
unimol_pyrazine,Pyrazine,C1=CN=CC=N1
unimol_pyridine,Pyridine,C1=CC=NC=C1
unimol_pyrrole,Pyrrole,C1=CNC=C1
unimol_pyrrolidine,Pyrrolidine,C1CCNC1
unimol_pyruvic_acid,Pyruvic acid,CC(=O)C(=O)O
unimol_quercetagetin,Quercetagetin,C1=CC(=C(C=C1C2=C(C(=O)C3=C(C(=C(C=C3O2)O)O)O)O)O)O
unimol_quercetin,quercetin,C1=CC(=C(C=C1C2=C(C(=O)C3=C(C=C(C=C3O2)O)O)O)O)O
unimol_quinoline,Quinoline,C1=CC=C2C(=C1)C=CC=N2
unimol_resorcinol,resorcinol,C1=CC(=CC(=C1)O)O
unimol_resveratrol,resveratrol,C1=CC(=CC=C1C=CC2=CC(=CC(=C2)O)O)O
unimol_retinyl_acetate,Retinyl Acetate,CC1=C(C(CCC1)(C)C)C=CC(=CC=CC(=CCOC(=O)C)C)C
unimol_rhodinol,Rhodinol,CC(CCCC(=C)C)CCO
unimol_rhodinyl_butyrate,Rhodinyl butyrate,CCCC(=O)OCCC(C)CCCC(=C)C
unimol_rhodinyl_formate,Rhodinyl formate,CC(CCCC(=C)C)CCOC=O
unimol_rose_oxide,Rose oxide,CC1CCOC(C1)C=C(C)C
unimol_rosefuran,rosefuran,CC1=C(OC=C1)CC=C(C)C
unimol_s_allyl_l_cysteine,S-allyl-L-cysteine,C=CCSCC(C(=O)O)N
unimol_s_ethyl_ethanethioate,S-Ethyl ethanethioate,CCSC(=O)C
unimol_s_furfuryl_thioacetate,S-Furfuryl thioacetate,CC(=O)SCC1=CC=CO1
unimol_s_methyl_2_furancarbothioate,S-Methyl 2-furancarbothioate,CSC(=O)C1=CC=CO1
unimol_s_methyl_2_methylbutanethioate,S-Methyl 2-methylbutanethioate,CCC(C)C(=O)SC
unimol_s_methyl_3_methylbutanethioate,S-Methyl 3-methylbutanethioate,CC(C)CC(=O)SC
unimol_s_methyl_4_methylpentanethioate,S-Methyl 4-methylpentanethioate,CC(C)CCC(=O)SC
unimol_s_methyl_hexanethioate,S-Methyl hexanethioate,CCCCCC(=O)SC
unimol_s_methyl_propanethioate,S-Methyl propanethioate,CCC(=O)SC
unimol_s_methyl_thioacetate,S-Methyl thioacetate,CC(=O)SC
unimol_s_methyl_thiobutyrate,S-Methyl thiobutyrate,CCCC(=O)SC
unimol_s_propyl_thioacetate,S-Propyl thioacetate,CCCSC(=O)C
unimol_sabinene,Sabinene,CC(C)C12CCC(=C)C1C2
unimol_sabinene_hydrate,Sabinene hydrate,CC(C)C12CCC(C1C2)(C)O
unimol_safranal,Safranal,CC1=C(C(CC=C1)(C)C)C=O
unimol_safrole,safrole,C=CCC1=CC2=C(C=C1)OCO2
unimol_salicylaldehyde,Salicylaldehyde,C1=CC=C(C(=C1)C=O)O
unimol_salicylic_acid,salicylic acid,C1=CC=C(C(=C1)C(=O)O)O
unimol_santalene,Santalene,CC(=CCCC1(C2CC3C1(C3C2)C)C)C
unimol_santalol_alpha_and_beta,"Santalol, alpha- and beta-",CC(=CCCC1(C2CCC(C2)C1=C)C)CO.CC(=CCCC1(C2CC3C1(C3C2)C)C)CO
unimol_saupirin,Saupirin,C=C1CC(C2C(C3C1CC(C3=C)O)OC(=O)C2=C)OC(=O)C(=C)CO
unimol_sclareolide,Sclareolide,CC1(CCCC2(C1CCC3(C2CC(=O)O3)C)C)C
unimol_scutellarein,Scutellarein,C1=CC(=CC=C1C2=CC(=O)C3=C(C(=C(C=C3O2)O)O)O)O
unimol_sec_butyl_disulfide,sec-Butyl Disulfide,CCC(C)SSC(C)CC
unimol_sec_butyl_isothiocyanate,sec-Butyl isothiocyanate,CCC(C)N=C=S
unimol_sedanenolide,Sedanenolide,CCCCC1C2=C(C=CCC2)C(=O)O1
unimol_sedanolide,Sedanolide,CCCCC1C2CCCC=C2C(=O)O1
unimol_silica,Silica,O=[Si]=O
unimol_silveterpinolene,Silveterpinolene,CC1=CC(=C(C)C)CCC1
unimol_sinapic_acid,Sinapic Acid,COC1=CC(=CC(=C1O)OC)C=CC(=O)O
unimol_sinensetin,Sinensetin,COC1=C(C=C(C=C1)C2=CC(=O)C3=C(C(=C(C=C3O2)OC)OC)OC)OC
unimol_sinigrin,Sinigrin,C=CCC(=NOS(=O)(=O)O)SC1C(C(C(C(O1)CO)O)O)O
unimol_sodium_diacetate,Sodium Diacetate,CC(=O)O.CC(=O)[O-].[Na+]
unimol_spathulenol,Spathulenol,CC1(C2C1C3C(CCC3(C)O)C(=C)CC2)C
unimol_spermine,spermine,C(CCNCCCN)CNCCCN
unimol_stearic_acid,stearic acid,CCCCCCCCCCCCCCCCCC(=O)O
unimol_stigmast_4_en_3_one,Stigmast-4-en-3-one,CCC(CCC(C)C1CCC2C1(CCC3C2CCC4=CC(=O)CCC34C)C)C(C)C
unimol_stk020088,STK020088,CC1(CCCC2(C1CCC(C2CCC(C)(C=C)O)(C)O)C)C
unimol_stk737742,STK737742,COC1=C(C=CC(=C1)C=O)OC2C(C(C(C(O2)CO)O)O)O
unimol_styrene,Styrene,C=CC1=CC=CC=C1
unimol_succinic_acid,succinic acid,C(CC(=O)O)C(=O)O
unimol_sulfur_dioxide,sulfur dioxide,O=S=O
unimol_syringaldehyde,Syringaldehyde,COC1=CC(=CC(=C1O)OC)C=O
unimol_t_muurolol,T-Muurolol,CC1=CC2C(CCC(C2CC1)(C)O)C(C)C
unimol_tangeretin,Tangeretin,COC1=CC=C(C=C1)C2=CC(=O)C3=C(O2)C(=C(C(=C3OC)OC)OC)OC
unimol_taurine,taurine,C(CS(=O)(=O)O)N
unimol_taxifolin,Taxifolin,C1=CC(=C(C=C1C2C(C(=O)C3=C(C=C(C=C3O2)O)O)O)O)O
unimol_terpinen_4_ol,Terpinen-4-ol,CC1=CCC(CC1)(C(C)C)O
unimol_terpinolene,Terpinolene,CC1=CCC(=C(C)C)CC1
unimol_terpinyl_formate,Terpinyl formate,CC1=CCC(CC1)C(C)(C)OC=O
unimol_terpinyl_propionate,Terpinyl propionate,CCC(=O)OC(C)(C)C1CCC(=CC1)C
unimol_tetracontane,Tetracontane,CCCCCCCCCCCCCCCCCCCCCCCCCCCCCCCCCCCCCCCC
unimol_tetracosane,Tetracosane,CCCCCCCCCCCCCCCCCCCCCCCC
unimol_tetradecanal,Tetradecanal,CCCCCCCCCCCCCC=O
unimol_tetradecane,Tetradecane,CCCCCCCCCCCCCC
unimol_tetradecanoic_acid,Tetradecanoic acid,CCCCCCCCCCCCCC(=O)O
unimol_tetrahydrofuran,Tetrahydrofuran,C1CCOC1
unimol_tetrahydrofurfuryl_alcohol,Tetrahydrofurfuryl Alcohol,C1CC(OC1)CO
unimol_tetrahydrolinalool,Tetrahydrolinalool,CCC(C)(CCCC(C)C)O
unimol_tetrahydrothiophen_3_one,Tetrahydrothiophen-3-one,C1CSCC1=O
unimol_tetrasulfide_dimethyl,"Tetrasulfide, dimethyl",CSSSSC
unimol_theaspirane,Theaspirane,CC1CCC2(O1)C(=CCCC2(C)C)C
unimol_theobromine,theobromine,CN1C=NC2=C1C(=O)NC(=O)N2C
unimol_thiamine,thiamine,CC1=C(SC=[N+]1CC2=CN=C(N=C2N)C)CCO
unimol_thiamine_hydrochloride,Thiamine Hydrochloride,CC1=C(SC=[N+]1CC2=CN=C(N=C2N)C)CCO.Cl.[Cl-]
unimol_thiazole,Thiazole,C1=CSC=N1
unimol_thioanisole,Thioanisole,CSC1=CC=CC=C1
unimol_thiophene_2_carbaldehyde,Thiophene-2-carbaldehyde,C1=CSC(=C1)C=O
unimol_thymol,Thymol,CC1=CC(=C(C=C1)C(C)C)O
unimol_thymol_methyl_ether,Thymol methyl ether,CC1=CC(=C(C=C1)C(C)C)OC
unimol_thymoquinone,Thymoquinone,CC1=CC(=O)C(=CC1=O)C(C)C
unimol_tiglic_acid,Tiglic Acid,CC=C(C)C(=O)O
unimol_tiglic_aldehyde,Tiglic aldehyde,CC=C(C)C=O
unimol_toluene,toluene,CC1=CC=CC=C1
unimol_trans_cis_2_6_nonadien_1_ol,"trans,cis-2,6-Nonadien-1-ol",CCC=CCCC=CCO
unimol_trans_trans_2_4_heptadienal,"trans,trans-2,4-Heptadienal",CCC=CC=CC=O
unimol_trans_trans_2_4_nonadienal,"trans,trans-2,4-Nonadienal",CCCCC=CC=CC=O
unimol_trans_alpha_bergaptene,trans-.alpha.-bergaptene,CC1=CCC2CC1C2(C)CCC=C(C)C
unimol_trans_2_decenal,trans-2-Decenal,CCCCCCCC=CC=O
unimol_trans_2_dodecenal,trans-2-Dodecenal,CCCCCCCCCC=CC=O
unimol_trans_2_hexen_1_ol,trans-2-Hexen-1-Ol,CCCC=CCO
unimol_trans_2_hexenal,trans-2-Hexenal,CCCC=CC=O
unimol_trans_2_hexenal_dimethyl_acetal,trans-2-Hexenal dimethyl acetal,CCCC=CC(OC)OC
unimol_trans_2_hexenoic_acid,trans-2-Hexenoic acid,CCCC=CC(=O)O
unimol_trans_2_hexenyl_acetate,trans-2-Hexenyl acetate,CCCC=CCOC(=O)C
unimol_trans_2_hexenyl_butyrate,trans-2-Hexenyl butyrate,CCCC=CCOC(=O)CCC
unimol_trans_2_nonen_1_ol,trans-2-Nonen-1-ol,CCCCCCC=CCO
unimol_trans_2_nonenal,trans-2-Nonenal,CCCCCCC=CC=O
unimol_trans_2_octen_1_ol,trans-2-Octen-1-Ol,CCCCCC=CCO
unimol_trans_2_octenal,trans-2-Octenal,CCCCCC=CC=O
unimol_trans_2_penten_1_ol,trans-2-Penten-1-ol,CCC=CCO
unimol_trans_2_pentenal,trans-2-Pentenal,CCC=CC=O
unimol_trans_2_undecen_1_ol,trans-2-Undecen-1-ol,CCCCCCCCC=CCO
unimol_trans_3_hexen_1_ol,trans-3-Hexen-1-ol,CCC=CCCO
unimol_trans_3_hexenoic_acid,trans-3-Hexenoic acid,CCC=CCC(=O)O
unimol_trans_aconitic_acid,trans-Aconitic acid,C(C(=CC(=O)O)C(=O)O)C(=O)O
unimol_trans_anethole,trans-Anethole,CC=CC1=CC=C(C=C1)OC
unimol_triacetin,triacetin,CC(=O)OCC(COC(=O)C)OC(=O)C
unimol_tributyrin,Tributyrin,CCCC(=O)OCC(COC(=O)CCC)OC(=O)CCC
unimol_tricetin,Tricetin,C1=C(C=C(C(=C1O)O)O)C2=CC(=O)C3=C(C=C(C=C3O2)O)O
unimol_tricosane,Tricosane,CCCCCCCCCCCCCCCCCCCCCCC
unimol_tridec_2_enal,tridec-2-enal,CCCCCCCCCCC=CC=O
unimol_tridecanal,Tridecanal,CCCCCCCCCCCCC=O
unimol_tridecane,Tridecane,CCCCCCCCCCCCC
unimol_triethyl_citrate,Triethyl Citrate,CCOC(=O)CC(CC(=O)OCC)(C(=O)OCC)O
unimol_trimethylamine,trimethylamine,CN(C)C
unimol_trithioacetone,Trithioacetone,CC1(SC(SC(S1)(C)C)(C)C)C
unimol_tyramine,tyramine,C1=CC(=CC=C1CCN)O
unimol_undecanal,Undecanal,CCCCCCCCCCC=O
unimol_undecane,Undecane,CCCCCCCCCCC
unimol_undecanoic_acid,Undecanoic Acid,CCCCCCCCCCC(=O)O
unimol_unii_193iw486z8,UNII-193IW486Z8,CC1C2CC2(CC1O)C(C)C
unimol_unii_27y1fyy1bv,UNII-27Y1FYY1BV,CCC=CCCC(=O)OCC
unimol_unii_3kct4wmt7e,UNII-3KCT4WMT7E,CC(=CCCC(=CCCC(=CCCC(=O)C)C)C)C
unimol_unii_3qmx06vz0c,UNII-3QMX06VZ0C,CC1CCC(C(=O)C1)C(C)(C)SC(=O)C
unimol_unii_842i7xqg7d,UNII-842I7XQG7D,CCC(CC)C(=O)OCC=C(C)CCC=C(C)C
unimol_unii_847o2v0ioa,UNII-847O2V0IOA,CCCCCC1CC=CC(=O)O1
unimol_unii_89jv2mj158,UNII-89JV2MJ158,CC1(C(CCC(O1)(C)C=C)O)C
unimol_unii_h5e892yjgg,UNII-H5E892YJGG,CCCSS(=O)(=O)CCC
unimol_unii_m41y60o5bz,UNII-M41Y60O5BZ,CCC=C(C)C=O
unimol_unii_p6b6jd2n2z,UNII-P6B6JD2N2Z,CC1(C(CCC(O1)(C)C=C)O)C
unimol_unii_r1auq945jn,UNII-R1AUQ945JN,CC(=C)C1CCC(C=C1)(C)O
unimol_unii_s32g48306y,UNII-S32G48306Y,CC1=CCC(CC1)C2(CCC(O2)C(C)(C)O)C
unimol_unii_vd2yqw659e,UNII-VD2YQW659E,CCOC(=O)CCC=CCC=C
unimol_valencen,Valencen,CC1CCC=C2C1(CC(CC2)C(=C)C)C
unimol_valencene,Valencene,CC1CCC=C2C1(CC(CC2)C(=C)C)C
unimol_valeric_acid,Valeric acid,CCCCC(=O)O
unimol_valerophenone,Valerophenone,CCCCC(=O)C1=CC=CC=C1
unimol_valofin,valofin,CC1CCC(C(C1)OC(=O)CC(C)C)C(C)C
unimol_vanillic_acid,Vanillic acid,COC1=C(C=CC(=C1)C(=O)O)O
unimol_vanillin,vanillin,COC1=C(C=CC(=C1)C=O)O
unimol_vanillylacetone,Vanillylacetone,CC(=O)CCC1=CC(=C(C=C1)O)OC
unimol_verbenalin,Verbenalin,CC1CC(=O)C2C1C(OC=C2C(=O)OC)OC3C(C(C(C(O3)CO)O)O)O
unimol_verbenol,Verbenol,CC1=CC(C2CC1C2(C)C)O
unimol_verbenone,Verbenone,CC1=CC(=O)C2CC1C2(C)C
unimol_violet_leaf_aldehyde,Violet leaf aldehyde,CCC=CCCC=CC=O
unimol_vitamin_u,Vitamin U,C[S+](C)CCC(C(=O)O)N.[Cl-]
unimol_vitispirane,Vitispirane,CC1CCC2(O1)C(=C)C=CCC2(C)C
unimol_vomifoliol,Vomifoliol,CC1=CC(=O)CC(C1(C=CC(C)O)O)(C)C
unimol_whiskey_lactone,Whiskey lactone,CCCCC1C(CC(=O)O1)C
unimol_wln_r1u1vo1r,WLN: R1U1VO1R,C1=CC=C(C=C1)COC(=O)C=CC2=CC=CC=C2
unimol_xanthohumol,Xanthohumol,CC(=CCC1=C(C=C(C(=C1O)C(=O)C=CC2=CC=C(C=C2)O)OC)O)C
unimol_xanthoxylin,Xanthoxylin,CC(=O)C1=C(C=C(C=C1OC)OC)O
